Category,Brand,Tier,TTS Evidence,HQ Location,Company Size,Business Model,Fit Score,Fit Why,KDM Name,KDM Title,KDM LinkedIn,KDM Confidence,Secondary Contact,Marketing Org Notes,Source URLs
Beauty & Personal Care,Canvas Beauty Brand,WINNABLE,"@canvasbeauty on TikTok. Founder Stormi Steele was the first seller to hit $1M in a single TikTok Live (June 2024), repeated it in 3 hrs (Sept 2024), did ~$3M over Black Friday 2024 (incl. $2.1M in a 12-hr 'mega live'), and TikTok named Canvas its #1 selling brand in America. Live-selling + affiliate native.","Huntsville, Alabama, USA","Private, founder-owned. Sold 1M+ units in year one; multimillion-dollar (est. $20M+ revenue band). Small in-house team + warehouse ops.","DTC / social-commerce hybrid (TikTok Shop + own site) — hair, skin & body care",5,Entire model is high-frequency TikTok Live + affiliate content; burns through creator content daily and lives or dies on content velocity.,Stormi Steele,Founder & CEO,https://www.linkedin.com/in/stormi-steele-183b19357/,HIGH,,"Founder-led; Steele personally hosts the record-setting lives, so social/creator budget sits with her. No holding-co agency of record identified — content/live ops appear in-house, making this a clean partnership target. URL verified: profile labeled 'CANVAS BEAUTY BRAND' (note: multiple Stormi Steele profiles exist; matched one is the correct brand profile).",https://www.inc.com/ava-mandoli/how-canvas-beauty-founder-stormi-steele-drove-1-million-tiktok-shop-sales-single-day.html https://wwd.com/beauty-industry-news/beauty-features/tiktok-canvas-beauty-body-glaze-viral-beauty-shop-1236749822/ https://www.linkedin.com/in/stormi-steele-183b19357/
Beauty & Personal Care,goPure Beauty,WINNABLE,"@gopurebeauty on TikTok. Won TikTok Shop 'Best Performing Campaign of the Year' for the Sculpt & Tone Arm Cream / Super Brand Day (10,000+ affiliates, 25,000 videos, 80M impressions); ran 483 hours of TikTok Live in 2025 and surpassed $100K in an 8-hour launch Live.",United States (Los Angeles area per SVP marketing; exact HQ city not disclosed),"Mid-market DTC skincare; expanded to ~2,000 Target doors. Employee count undisclosed (est. 50-200).",DTC (own site + TikTok Shop) transitioning to retail hybrid (Target),5,"Brand was born from a TikTok influencer review and runs a 10,000+ affiliate program plus near-daily Lives — heavily creator-content dependent.",Bethany Crellin,Senior VP of Marketing,https://www.linkedin.com/in/bethany-crellin-b01bb222,HIGH,"Erin Keyan, Co-Founder/CEO (LinkedIn URL not verified)",SVP Marketing Bethany Crellin (LA) owns marketing; co-founders Erin & Alex Keyan. Active in-house social/affiliate/Live team; uses UGC vendors (Insense case study) but no locked holding-co AOR found. URL verified: profile confirms 'Senior VP of Marketing- goPure'.,https://www.happi.com/exclusives/indie-beauty-brand-gopure-hosts-influencers-editors-at-tiktok-headquarters/ https://ads.tiktok.com/business/en-US/inspiration/gopure-841 https://www.linkedin.com/in/bethany-crellin-b01bb222
Beauty & Personal Care,Divi (Divi Official),WINNABLE,@official.divi on TikTok. Scalp serum is a TikTok Shop staple; agency Social Tale case study reports growing Divi's TikTok Shop revenue from $60K to $450K/month. Influencer-founded brand built on creator content.,"Dallas, Texas, USA","Targeting ~$100M revenue; received minority growth investment from Norwest (2024). Mid-market, scaling.",DTC + retail (Ulta Beauty at Target) hybrid; scalp/hair health,5,"Influencer-founded (Dani Austin), affiliate/creator-led acquisition; needs constant demo/before-after content across a large affiliate base.",Alina Piernick,Director of Affiliate Marketing,https://www.linkedin.com/in/alina-piernick-4280b2129/,HIGH,"Dani Austin Ramirez, Founder — https://www.linkedin.com/in/dani-austin-ramirez-182796252","In-house affiliate/creator function (Alina Piernick owns affiliate budget); also hiring Director of Influencer Marketing per LinkedIn jobs. TikTok Shop managed with agency Social Tale as TSP partner — a co-sell/displacement dynamic to note. Both KDM URL (Director of Affiliate Marketing at Divi) and secondary founder URL (Dani Austin Ramirez, Divi) verified.",https://www.prnewswire.com/news-releases/divi-the-scalp-and-hair-health-brand-founded-by-entrepreneur-dani-austin-receives-minority-investment-from-norwest-302302532.html https://socialtale.co/ https://www.linkedin.com/in/alina-piernick-4280b2129/
Beauty & Personal Care,Wonderskin,WINNABLE,"Wonder Blading Lip Stain Masque is a TikTok-viral SKU with 372,000+ sales on TikTok Shop; TikTok is the brand's primary growth engine.",US market-primary (US manufacturing/lab; corporate HQ London — dual US/UK). US is the core market.,Mid-market; closed $50M Series A in 2025 to fund retail expansion.,DTC + retail hybrid (color cosmetics),5,Single hero SKU rode TikTok virality; sustaining requires continuous creator demo content and affiliate volume.,Marina Kalenchyts,Co-Founder & Brand Director,https://www.linkedin.com/in/marina-kalenchyts-a930b491/,HIGH,"Michael Malinsky, CEO & Co-Founder (LinkedIn not verified)","Named co-founders in press: Michael Malinsky (CEO), Marina Kalenchyts (brand director), Doug Cooper (COO). Kalenchyts role and LinkedIn URL now verified (profile labeled 'Marina Kalenchyts - WONDERSKIN'; role confirmed co-founder & Brand Director). Dual US/UK ops; verify US-market marketing lead before outreach.",https://theindustry.beauty/the-interview-wonderskin-co-founder-marina-kalenchyts-on-viral-products-tiktok-growth-and-future-plans/ https://www.beautyindependent.com/wonderskin-raises-50m-series-a-funding-lip-stain/ https://www.linkedin.com/in/marina-kalenchyts-a930b491/
Beauty & Personal Care,Youthforia,WINNABLE,Intentionally TikTok-native brand (@youthforia); hero BYO Blush color-changing blush racked up ~19M views and products routinely hit 50M+ TikTok views. Sells via TikTok Shop; specific Shop GMV not publicly disclosed.,"San Francisco Bay Area, California, USA",Small indie startup; Shark Tank / Mark Cuban-backed. Lean team.,DTC + retail (Ulta Beauty); clean color cosmetics,5,Founder explicitly built it as a TikTok-native brand reliant on viral organic + creator content to move color-cosmetic SKUs.,Fiona Co Chan,Founder & CEO,https://hk.linkedin.com/in/fionaco,HIGH,,Founder Fiona Co Chan owns brand/content direction (profile based in Hong Kong; brand US-operated). URL verified: profile labeled 'CEO and Founder at Youthforia'. Small org grown 'beyond founder's fame' per The Drum; no AOR identified. TikTok Shop presence real but GMV undisclosed — weaker TTS data than others here.,https://fashionista.com/2022/11/youthforia-makeup-brand-founder-interview https://wwd.com/feature/youthforia-beauty-brand-fiona-co-chan-1234877155/ https://hk.linkedin.com/in/fionaco
Beauty & Personal Care,Tree Hut (Naterra International),FLAGSHIP,"@treehut with 2.1M TikTok followers; #ShowerTok / #treehutsugarscrub UGC engine (33,000+ videos, 910M+ hashtag views). Shea Sugar Scrubs are category best-sellers sold via TikTok Shop; a defining TikTok-driven body-care success.","Farmers Branch, Texas, USA (Naterra)",Parent Naterra net sales ~$400M (up from ~$40M in 2019); mid-large.,"Retail-led (Ulta, Target, mass) + DTC + marketplace hybrid",4,"Body-care category leader whose growth is TikTok-UGC-driven; constantly needs scent-drop and routine content, though retail is the revenue base.",Sarah Craig,"Head of Integrated Media, Tree Hut",https://www.linkedin.com/in/sarah-craig-135274169/,HIGH,"Luis Garcia, CMO, Naterra International — https://www.linkedin.com/in/luis-garcia-529a945/","Naterra hired its first-ever CMO (Luis Garcia) to drive Tree Hut + portfolio — URL verified (Nov 2024 appointment, confirmed CMO Naterra). Sarah Craig URL verified: 'Head of Integrated Media @ Tree Hut' leading global media/digital/influencer strategy, current (bio references Tree Hut's 2026 Super Bowl commercial). Larger, more structured org than the winnable set; may have media-agency relationships.",https://www.glossy.co/pop/glossy-pop-newsletter-inside-tree-huts-unexpected-tiktok-driven-glow-up/ https://huntscanlon.com/egon-zehnder-places-chief-marketing-officer-at-naterra-international/ https://www.linkedin.com/in/sarah-craig-135274169/
Beauty & Personal Care,medicube (APR Corp.),FLAGSHIP,"medicube US Store was the largest US TikTok Shop seller in Q1 2026 (~$65.9M, 1.18M units); $100M+ cumulative TTS revenue since 2023; ~85,300 affiliated creators (largest network in the top 10); first K-beauty brand to run a US TikTok Shop Super Brand Day (Mar 2025).","Seoul, South Korea (parent APR); US-market-primary TikTok Shop operation",APR is publicly listed (KOSPI); billions KRW revenue; large.,"Social-commerce/marketplace-led (TikTok Shop, Amazon) + retail (Ulta) hybrid",4,"Runs the biggest beauty affiliate/creator machine on TTS; content velocity is core, but scale/sophistication make it a flagship map anchor more than an easy win.",Byunghoon Victor Kim,"CEO & Founder, APR (brand face 'CEOppa')",,LOW,,"CEO Kim identity confirmed (founder & CEO of APR Corp, parent of medicube; Korea-based, public brand face). No personal LinkedIn URL located in search (public presence is Instagram @byunghoon_victor_kim, not LinkedIn) — URL unverified, left blank. US creator/affiliate budget is run by a US team whose named lead was not verifiable in search; individual US KDM unconfirmed — do not guess. Massive affiliate program likely partly agency-supported.",https://wwd.com/beauty-industry-news/beauty-features/tiktok-shop-holiday-sale-beauty-2025-1238408747/ https://www.globalcosmeticsnews.com/medicube-maker-apr-becomes-k-beauty-powerhouse-as-tiktok-buzz-fuels-billionaire-breakthrough/ https://www.prweb.com/releases/medicube-becomes-first-k-beauty-brand-to-launch-tiktok-shop-super-brand-day-in-the-us-302405486.html
Womenswear & Underwear,CAKES Body,WINNABLE,"@cakesbody on TikTok Shop; repeatedly cited as the top-performing undergarment brand on TTS. Viral 'CAKES circles' non-adhesive nipple cover reported ~$25M GMV; ~$95M net sales 2024. Shark Tank alum, adhesive-free silicone nip covers.","New York, NY / Los Angeles, CA (dual-founder)",~$95M net sales (2024); est. 50-100 employees,"DTC + marketplace hybrid (own site, TikTok Shop, Amazon, Shopify top 1%)",5,Single-hero-SKU brand that lives or dies on creator try-on/demo volume; runs 150+ 'Hype Girl' affiliates and refreshes content weekly.,Krysta Lewis,Head of Growth,https://www.linkedin.com/in/krystalewis,HIGH,"Taylor Capuano, Co-Founder / Chief Creative Officer, https://www.linkedin.com/in/taylorkcapuano/ (also Casey Capuano Sarai, Co-Founder & CEO, https://www.linkedin.com/in/casey-capuano-sarai-0504b975/)","Founder-led (twins Taylor Capuano, CCO, & Casey Capuano Sarai, CEO), content run in-house/creator-first; famous for 'don't approve creator content' philosophy. Head of Growth Krysta Lewis (ex-VP Marketing at Obvi, founder of Aisling Organics) owns paid social/creator budget; role and LinkedIn URL independently verified (linkedin.com/in/krystalewis). No holding-co agency of record found.",https://www.glossy.co/fashion/viral-brand-cakes-bodys-advice-for-tiktok-success-dont-approve-content/ https://www.tramicheck.com/newsletter/cakes-bodys-playbook-for-success-a-tiktok-shop-case-study https://www.linkedin.com/in/taylorkcapuano/ https://www.linkedin.com/in/krystalewis
Womenswear & Underwear,Popilush,WINNABLE,"@popilush on TikTok Shop; ran a TikTok Shop 'Super Brand Day' in the US (PRNewswire, Oct 2024); shapewear-dress hero product, 2M+ items sold; TTS store live at shop.tiktok.com/us/k/popilush-shapewear-dress.","New York, NY (US office; brand also EU)","~$62M revenue (2024); mid-market, Inc. Female Founders 500","DTC + marketplace hybrid (own site, TikTok Shop, Amazon, now Nordstrom/Macy's, first Las Vegas store)",5,Built-in-shapewear 'dress that shapes' concept demands constant try-on/transformation content; scales via large creator roster and TTS events.,Eve DeMartine,Founder & CEO,https://www.linkedin.com/in/eve-demartine-8870b4281/,HIGH,,"Eve DeMartine is the public founder/CEO/face (Forbes, Inc. 2025 Female Founders 500, Gold Stevie Award); LinkedIn profile independently verified (linkedin.com/in/eve-demartine-8870b4281/). Functions largely as brand narrator so day-to-day social/affiliate budget-authority may sit with a marketing lead — confirm the actual social/affiliate lead. New NY office signals in-house team build-out. No named agency of record.",https://www.forbes.com/sites/nadjasayej/2025/05/14/popilush-shapewear-fashion-eve-demartine/ https://www.prnewswire.com/news-releases/popilush-launches-tiktok-shop-super-brand-day-in-the-us-302289447.html https://www.linkedin.com/in/eve-demartine-8870b4281/
Womenswear & Underwear,Pinsy Shapewear,WINNABLE,Size-inclusive 'pretty shapewear' DTC brand launched off a viral TikTok in 2020; markets primarily on TikTok/Instagram and sells via TikTok Shop (WWD Sourcing Journal profile).,"United States (HQ unconfirmed; founder ex-Amazon Corporate, Hawaii roots)",Mid-market DTC; privately held (employee count unconfirmed),DTC (own site wearpinsy.com) + social commerce,5,Fashion-forward 'made-to-be-seen' shapewear positioned for social virality; depends on creator try-on content to sell fit/inclusivity.,Ratchel Pinlac,Founder & CEO / Chief Brand Officer,https://www.linkedin.com/in/ratchelpinlac/,HIGH,"Michelle Wenke, CEO (named in company management listings; LinkedIn URL not verified)","Ratchel Pinlac (founder, ex-Amazon Corporate ~10 yrs) owns brand + product and is the public voice; LinkedIn URL independently verified (linkedin.com/in/ratchelpinlac/). Sources variously list her as Founder & CEO and Founder & Chief Brand Officer. Founder-led, no holding-co agency identified. Confirm who specifically owns creator/affiliate budget.",https://wwd.com/sourcing-journal/industry-news/pinsy-shapewear-size-inclusive-ecommerce-dtc-tiktok-instagram-1238794850/ https://www.linkedin.com/in/ratchelpinlac/ https://rocketreach.co/pinsy-shapewear-management_b7f5de69c25d76ed
Womenswear & Underwear,Pumiey,WINNABLE,@pumiey TikTok (~104K followers); TikTok Shop store live (shop.tiktok.com/us/k/puimey-body-suits); 61K+ units sold on TTS at 4.7 stars; goes viral as a 'SKIMS dupe' bodysuit.,United States (HQ unconfirmed; likely CA),Small/mid privately held (unconfirmed),"DTC (pumiey.net) + marketplace (TikTok Shop, Amazon)",5,"Long-sleeve/v-neck bodysuit basics sell as 'body makeup' dupes — pure try-on/comparison creator content, extremely content-velocity dependent.",,,,LOW,,"Founder/marketing leadership not surfaced in public sources; role exists, individual unconfirmed. Strong organic + affiliate TTS presence but no named agency or KDM verifiable — needs direct outreach/LinkedIn dig on company page.",https://www.tiktok.com/@pumiey?lang=en https://shop.tiktok.com/us/k/puimey-body-suits https://pumiey.net/pages/about-us
Womenswear & Underwear,SooSlick (Soo Slick),WINNABLE,"@sooslick on TikTok; runs a TikTok Shop affiliate program (documented Social Snowball case study — uploaded full catalog to TTS, safelink discount codes, post-purchase affiliate flywheel); TTS product listings live.","Las Vegas, NV",Small mid-market DTC; Black women-owned (employee count unconfirmed),"DTC (sooslickapparel.com) + marketplace (TikTok Shop, Amazon)",5,Affordable shapewear/bodysuits competing on volume; explicitly built a creator-affiliate engine to sell 'without being salesy' — needs steady genuine creator content.,,,,LOW,,"Black women-owned, Las Vegas; founder name not publicly surfaced (role exists, individual unconfirmed). Documented TTS affiliate program via Social Snowball is the clearest hook — approach through affiliate/creator ops.",https://sooslickapparel.com/ https://www.socialsnowball.io/tiktok-shop-affiliate-management https://www.tiktok.com/@sooslick
Womenswear & Underwear,Honeylove,FLAGSHIP,Honeylove Inc TikTok Shop store (shop.tiktok.com/us/k/honeylove-inc); wireless 'CrossOver' bra and sculptwear went viral on TikTok driving reviewer try-on hauls.,"Los Angeles, CA (CEO based San Francisco per some listings)","$13M Series A (2022), est. $100M+ revenue; ~100-250 employees","DTC (own site) + marketplace (TikTok Shop, Amazon)",4,Function-first shapewear needs demo/before-after content to prove fit claims; VC-backed and scaling creator marketing but still founder-led with in-house team.,Betsie (Elizabeth) Larkin,CEO & Founder,https://www.linkedin.com/in/betsielarkin/,HIGH,,"Betsie Larkin (former EDM singer/songwriter) independently verified as CEO/Founder across LinkedIn, The Org, Crunchbase, Wikipedia; founded Honeylove 2016, public launch 2018. LinkedIn URL confirmed (linkedin.com/in/betsielarkin/). In-house performance + creator team; identify a Head of Influencer/Social as the day-to-day budget owner. Y Combinator + Kickstarter origin, $13M Series A.",https://www.linkedin.com/in/betsielarkin/ https://www.forbes.com/sites/cherylrobinson/2022/04/13/how-a-300-thousand-kickstarter-turned-into-a-13-million-series-a-funding-round-for-honeylove/ https://shop.tiktok.com/us/k/honeylove-inc
Womenswear & Underwear,FeelinGirl (FEELINGIRL LLC),FLAGSHIP,FeelinGirl Shapewear TTS store (shop.tiktok.com/us/store/feelingirl-shapewear/7496260382973856130); ranked #1 shapewear brand on TikTok Shop three consecutive years; ~$633K units sold in a single week (FindNiche); ran TTS Super Brand Day NYC (2025).,"Rancho Cucamonga, CA (US HQ)",$200M+ scale; ~$49-56M reported quarterly GMV; large (China-operated ops + US HQ),"DTC + marketplace hybrid (own site, TikTok Shop, Amazon, now Walmart Marketplace)",4,"Enormous SKU catalog (waist trainers, fajas, bodysuits) requiring continuous creator content across styles; already runs a 200K+ creator affiliate network.",,,,LOW,,"Largely China-operated with US HQ in Rancho Cucamonga; runs 200K+ creator affiliate program in-house. No individual US marketing/creator lead verifiable in public sources — role exists, individual unconfirmed. Likely has internal/affiliated content ops rather than an independent agency of record.",https://www.prnewswire.com/news-releases/feelingirl-shines-at-tiktok-shop-super-brand-day-in-nyc-302404313.html https://shop.tiktok.com/us/store/feelingirl-shapewear/7496260382973856130 https://findniche.com/tiktok/top-sellers-womenswear-and-underwear-us
Womenswear & Underwear,Halara,FLAGSHIP,"@halara_official (2M+ followers); starred in TikTok Shop 'Super Brand Day'; risen to top-5 US TikTok shops; wide-leg/work-pants and dresses go viral, 500K+ units sold across site + TTS.","Los Angeles, CA (US ops); China-based parent (HIKE Capital-backed)","Fast-fashion scale, hundreds of employees; top-5 US TTS apparel brand",DTC fast-fashion + marketplace (own site + TikTok Shop),5,"Launch model = thousands of creators per drop (268+ TikTok influencers), constant viral SKU refresh; among the most content-hungry apparel brands on TTS.",Gabby Hirata,Global Brand President (currency doubtful — likely departed),https://www.linkedin.com/in/gabbyhirata/,MED,,"Gabby Hirata (ex-DVF CEO) was named Global Brand President in July 2023 and drove the creator-incentive strategy (Forbes, Modern Retail, Marketing Brew). LinkedIn URL independently verified as real (linkedin.com/in/gabbyhirata/). CAUTION: her current LinkedIn headline reads 'Advisor | Ex-CEO/President | DTC', strongly indicating she has TRANSITIONED OUT of the Halara Brand President role — verify who currently holds it before outreach; do not assume she is the sitting decision-maker. Influencer program run in-house at scale.",https://www.forbes.com/sites/sboyd/2024/02/29/how-activewear-brand-halara-harnessed-the-marketing-power-of-tiktok/ https://www.marketingbrew.com/stories/2024/01/24/how-halara-uses-influencer-incentives-to-go-viral-again-and-again https://www.linkedin.com/in/gabbyhirata/
Womenswear & Underwear,Shapermint,FLAGSHIP,"Brand Director publicly detailed building TikTok Shop and evaluating creators by GMV (MediaPost Brand Insider); part of ~$70M/yr paid media incl. TikTok; ~$300M projected revenue, took ~1/5 of US shapewear market.","US-market-primary; parent Trafilea is remote-first (roots Montevideo, Uruguay)",~$300M projected revenue (2024); parent Trafilea ~500+ staff,"DTC performance-marketing hybrid (own site, marketplaces, TikTok Shop) under Trafilea Group",4,"Data/performance-marketing machine now leaning into creator commerce; hungry for high-volume, testable creator content to feed its AI ad/creator engine.",Massimiliano Tirocchi,Co-Founder & CMO (Trafilea/Shapermint),https://www.linkedin.com/in/massimiliano-tirocchi-84740a60,HIGH,"Gabrielle Richards, Brand Director, Trafilea/Shapermint (owns TikTok Shop creator strategy per MediaPost; LinkedIn URL not verified — treat as unconfirmed individual)","Tirocchi independently verified as Co-Founder & CMO of Trafilea/Shapermint (Campaign CMO 50, The Org, Crunchbase, Modern Retail); LinkedIn URL now verified via search (linkedin.com/in/massimiliano-tirocchi-84740a60). Gabrielle Richards named as the TikTok Shop day-to-day owner (MediaPost) but her LinkedIn is not independently verified. Heavy in-house performance team + proprietary AI ad tooling; sophisticated buyer.",https://www.mediapost.com/publications/article/415983/trafilea-group-shapermints-brand-director-on-ti.html https://www.campaignlive.com/article/cmo-50-massimiliano-tirocchi/1717801 https://www.linkedin.com/in/massimiliano-tirocchi-84740a60 https://www.glossy.co/fashion/how-shapermint-quietly-took-a-fifth-of-the-us-shapewear-market/
Phones & Electronics,Wyze,FLAGSHIP,"Ranked #1 in TikTok Shop 'Phones and Electronics' category (IPVM report); $40M+ total TTS GMV, hit $3.3M GMV / 550K units in a single month; one of first smart-home brands as a Featured Brand on the TTS homepage. Official store: tiktok.com/shop/k/wyze; Wyze support page dedicated to 'Wyze TikTok Shop'.","Kirkland/Seattle, WA",~500-700 employees; est. $250M-$400M revenue,DTC / hybrid (affordable smart-home electronics; Amazon + own site + TTS),4,"Growth engine is explicitly creator-powered (KOL+KOC dual-track, Open Plan sampling, Promote/Spark Ads flywheel) requiring constant fresh UGC across a wide SKU line.",Dave Crosby,Co-founder & Chief Marketing Officer,https://www.linkedin.com/in/crosbydave,HIGH,"Logan Dunn, Head of E-commerce (D2C) @ Wyze Labs, https://www.linkedin.com/in/logandunn/","Founder-led marketing (4 ex-Amazon founders). CMO Crosby owns brand/creator narrative; Logan Dunn owns D2C/TTS commerce. Both verified: Crosby (Co-founder & CMO) and Dunn (Head of E-commerce D2C) confirmed at Wyze with matching LinkedIn URLs. Worked with InsMark (MCN) and TikTok's own Shop Ads team on affiliate/Promote scaling — agency-of-record not exclusively locked, uses multiple creator partners.",https://ipvm.com/reports/wyze-tiktok https://ads.tiktok.com/business/en-US/inspiration/wyze-tiktok-promote https://www.linkedin.com/in/crosbydave https://www.linkedin.com/in/logandunn/ https://support.wyze.com/hc/en-us/articles/20825538047131-About-Wyze-TikTok-Shop
Phones & Electronics,Anker / Soundcore,FLAGSHIP,"Repeatedly cited as a top TikTok Shop electronics brand (Anker 622 MagSafe battery, Soundcore audio). Official Soundcore TTS storefront (tiktok.com/shop/k/anker-soundcore) and brand account @soundcoreaudio; active affiliate program (3-8% electronics commission).","Bellevue, WA (US HQ); parent Anker Innovations, Shenzhen","Large; Anker Innovations ~$2B+ global revenue, thousands of employees","Marketplace / hybrid (Amazon-first, expanding DTC + TTS)",4,"High SKU velocity across charging/audio; runs a formal creator program (Anker SuperChargers) and needs demo-heavy short-form content per launch, but large in-house org.",,Social Media / Influencer Marketing lead (US),,LOW,"Rachel Binkerd, Social Media Specialist, Anker Innovations LTD, https://www.linkedin.com/in/rachel-binkerd/","Sizable US marketing org in Bellevue (actively hiring Social Media Manager roles). Head-of-social not identified — role exists, individual unconfirmed. Secondary contact Rachel Binkerd (Social Media Specialist, Anker Innovations) verified with matching LinkedIn URL. Runs Anker SuperChargers creator program in-house.",https://shop.tiktok.com/us/k/anker-soundcore https://www.anker.com/content-creator https://www.linkedin.com/in/rachel-binkerd/ https://www.linkedin.com/jobs/view/social-media-manager-at-anker-innovations-ltd-3624937729
Phones & Electronics,TORRAS,WINNABLE,"Deep TTS catalog (Ostand mag cases, Guardian magnetic shockproof cases for iPhone 17, Dual-Ring grips, Coolify neck fans). Dedicated TTS storefront pages (shop.tiktok.com/us/k/torras-magnetic-shockproof-case, /torras-ostand-mag-case) plus heavy creator discovery content.","Shenzhen, China (US-market-primary; sells via TTS US, torraslife.com)",Private mid-market; size undisclosed,DTC / marketplace (phone accessories + gadgets),5,Phone-case/accessory maker with a new hero SKU every iPhone/Samsung cycle — burns through demo content weekly and lives on creator affiliate velocity.,,US Marketing / Brand lead,,LOW,,"Lean US-facing brand team; 'Ashley Hu' surfaced in a TORRAS-branded LinkedIn post but role/currency not confirmed — role inferred, individual unconfirmed. No holding-co agency-of-record found; relies on affiliate creators — classic winnable target.",https://shop.tiktok.com/us/pdp/torras-iphone-17-pro-case-magnetic-shockproof-magsafe/1732381011090182342 https://shop.tiktok.com/us/k/torras-ostand-mag-case https://torraslife.com/ https://www.linkedin.com/company/torraslife
Phones & Electronics,Casely,WINNABLE,Active TTS presence (shop.tiktok.com/us/k/casely-magsafe) and viral 'Power Pod' / 'Power Pod Max' MagSafe chargers driven off @get.casely (creator-style videos with hundreds of K-M views); frequently compared head-to-head with Velvet Caviar on TTS.,"Brooklyn, NY",~50-150 employees; Inc. 5000 DTC brand,DTC (subscription/drop model for cases + accessories),5,Design-drop business model ships new case designs constantly and the Power Pod is a repeat-purchase viral SKU — content demand is weekly and creator-commerce dependent.,Christy Gurganus,Head of Social Media & Partnerships,https://www.linkedin.com/in/christy-gurganus-71a72a117/,HIGH,"Mark Stallings, Co-founder & CEO, https://www.linkedin.com/in/mark-stallings-675894160/","Founder-led (Mark & Emily Stallings). Christy Gurganus verified as current Head of Social Media & Partnerships at Casely with matching LinkedIn URL (confirmed via LinkedIn, TheOrg, and ZoomInfo). Mark Stallings (Co-founder) also verified with matching URL. Brand hires 'Influencer Marketing Specialist' roles in-house. No locked-in holding-co agency found.",https://www.tiktok.com/@get.casely/video/7460558196214631726 https://shop.tiktok.com/us/k/casely-magsafe https://www.linkedin.com/in/christy-gurganus-71a72a117/ https://www.linkedin.com/in/mark-stallings-675894160/ https://www.getcasely.com/collections/power-pods
Phones & Electronics,Velvet Caviar,WINNABLE,"TTS storefront (shop.tiktok.com/us/k/velvet-caviar-phone-cases; tiktok.com/product/velvet-caviar-phone-case) plus documented influencer-gifting play (gifted iPhone 17 Pro Max + cases to creators, covered in viral TTS commentary) and PowerPod line competing directly with Casely on TTS.","Brooklyn, NY","Small (creative team, Brooklyn); privately held",DTC (fashion-forward phone cases + accessories),5,Fashion-case brand with 100+ designs and aggressive creator-gifting; entire model is influencer/creator-content driven with constant new-design content needs.,Michelle Aran,Founder & CEO,,MED,,"Founder & CEO Michelle Aran verified across Crunchbase, ZoomInfo, and brand 'Our Story' pages (name and role confirmed). Personal LinkedIn URL was not included in the research and is left blank (not guessed). Marketing run in-house from Brooklyn with heavy influencer-gifting motion; strong candidate for a creator-content/affiliate platform.",https://velvetcaviar.com/pages/about-us https://shop.tiktok.com/us/k/velvet-caviar-phone-cases https://www.tiktok.com/@maxwellnimmo/video/7554848528372141334 https://www.linkedin.com/company/velvet-caviar
Phones & Electronics,Audien Hearing,WINNABLE,MediaLabs-run TikTok Shop managed campaign (Q1 2026 case study) for OTC hearing aids; niche 50+/caregiver creator program delivering 'category-leading ROAS.' Fits the Phones & Electronics / personal-electronics band as a $99-100 consumer electronics device sold via creator commerce.,United States (US-based DTC; HQ city not verified — do not guess),Mid-market DTC; scaled fast ($99 OTC hearing-aid disruptor),DTC (direct-to-consumer OTC hearing aids),4,"Depends on niche-fit creator content (50+/caregiver scenarios) to convert a considered electronics purchase — high need for volume of targeted, testimonial-style UGC.",Ishan Patel,Co-founder & CEO,https://www.linkedin.com/in/ivpatel/,HIGH,"Zack Hubbard, Co-founder (marketing/CMO, 'tens of millions in ad spend'), https://www.linkedin.com/in/zackhubbard6/","Three co-founders: Ishan Patel (CEO), Dylan Garber (product/DTC), Zack Hubbard (marketing/CMO). All verified with matching LinkedIn URLs: Patel (ivpatel), Hubbard (zackhubbard6). Creative Director Alex Garcia also verified at Audien Hearing (https://www.linkedin.com/in/alex-c-garcia/). Current TTS agency-of-record = MediaLabs (Q1 2026) — so an incumbent exists; approach as competitive displacement or content-supply partner.",https://medialabs-co.com/case-studies/audien-hearing https://www.linkedin.com/in/ivpatel/ https://www.linkedin.com/in/zackhubbard6/ https://www.linkedin.com/in/alex-c-garcia/
Phones & Electronics,UGREEN,FLAGSHIP,"Active US TTS storefront (tiktok.com/shop/k/ugreen) for Nexode GaN chargers, MagSafe/Qi2 power banks, cables; strong affiliate creator content (#ugreen #wallcharger #tiktokshopcreatorpicks) and MagSafe power-bank review virality.","Shenzhen, China (US-market via us.ugreen.com + TTS US)","Large; publicly listed (UGREEN Group), thousands of employees",Marketplace / hybrid (Amazon + DTC + TTS),4,"Broad charging-accessory line with frequent launches and price-driven affiliate promos; demo-friendly SKUs need steady creator content, though org is large.",,US Marketing / Influencer lead,,LOW,,"Large China-HQ org with a growing US team; specific US head-of-social/creator not verified in public search — role exists, individual unconfirmed. Runs affiliate/creator picks in-house plus co-brand plays (e.g., Genshin Impact collab).",https://www.tiktok.com/shop/k/ugreen https://us.ugreen.com/collections/power-bank https://www.tiktok.com/discover/ugreen-powerbank-magsafe-review
Phones & Electronics,EMEET,WINNABLE,"TTS storefront and hero SKU (EMEET C60E 4K webcam, shop.tiktok.com/us/pdp/webcam-emeet-c60e-4k...); 'viral tiktok camera' discovery pages and creator/streamer review content promoting affordable webcams/speakerphones.","Kowloon, Hong Kong / Shenzhen (US-market via emeet.com, Amazon, B&H, TTS US)",Small-mid (founded 2016 by Wyman Chen & Hao Liu),"Marketplace / DTC (webcams, speakerphones, headsets)",4,Streaming/creator-tool brand whose buyers ARE content creators; product is demo-driven and benefits directly from high-velocity 'my streaming setup' UGC.,,US Marketing / Brand lead,,LOW,,"Lean team; no US head-of-marketing verified in public search — role inferred, individual unconfirmed. No holding-co agency-of-record found; sells creator-facing hardware, a natural creator-content platform fit.",https://shop.tiktok.com/us/pdp/webcam-emeet-c60e-4k-ultra-hd-streaming-camera-with-privacy-cover/1729441434150735923 https://emeet.com/collections/webcam https://shop.tiktok.com/us/k/viral-tiktok-camera https://www.linkedin.com/company/shenzhen-emeet-technology-co.-ltd.
Home Supplies,Laundry Sauce,WINNABLE,"Official @laundrysauce TikTok; scaled TikTok Shop to six figures via heavy sample seeding; runs 'Sauciety' ambassador program + affiliate program (creators@/affiliates@laundrysauce.com); products live on TTS PDPs. Sources: laundrysauce.com/pages/tiktok, tiktok.com/@laundrysauce","Scottsdale / Carefree, Arizona",8-figure revenue (hit ~$10M in first 18 months); very lean headcount — founder scaled 'without employees' using agencies,DTC + retail hybrid (own site subscription; launched in ~300 Target stores),5,Premium fragrance/design-led detergent that lives entirely on repeat scent-reveal and unboxing creator demos — burns through content weekly.,Ian Blair,Founder & CEO,https://www.linkedin.com/in/ianblair44,HIGH,"Austin Blair, Co-Founder — https://www.linkedin.com/in/austin-blair-057117137/","Deliberately lean in-house team; AOR = Raindrop Agency (won AOR 2022, holds minor equity, runs Meta/YouTube/TV creative). Creator/affiliate ops run in-house via creators@laundrysauce.com. Strong candidate for AI content tooling to fuel high-volume creative testing.",https://www.linkedin.com/in/ianblair44 https://laundrysauce.com/pages/tiktok https://www.tiktok.com/@laundrysauce https://raindrop.agency/case-study/laundry-sauce/ https://medium.com/authority-magazine/ian-blair-of-laundry-sauce-five-things-you-need-to-create-a-highly-successful-startup-22d71b1236cc
Home Supplies,Truly Free (Truly Free Home),WINNABLE,"Non-toxic laundry/cleaning brand with heavy CleanTok creator-review presence and TikTok Shop product listings (e.g. @karlyalane_, @brookevestrand review videos); building own 'Truly Free Market' creator revenue-share marketplace. Sources: tiktok.com discover/truly-free-cleaning-products-review, trulyfreehome.com",Michigan (Portage / Kalamazoo area),$100M+ cumulative revenue; Inc. 5000 2025 (#1410); founded 2015,DTC refill-subscription + own marketplace,4,Refill-subscription non-toxic cleaning depends on constant testimonial/CleanTok creator content to acquire and retain subscribers.,Stephen Ezell,Founder & CEO,https://www.linkedin.com/in/stephenjezell/,HIGH,,"Founder-led; no stated agency-of-record. Actively building a decentralized, revenue-sharing creator marketplace ('Truly Free Market') — signals strong appetite for creator-commerce tooling. Secondary marketing owner not verified.",https://www.linkedin.com/in/stephenjezell/ https://trulyfreehome.com/pages/about-us https://trulyfreehome.com/blog/truly-free-home-founder-named-a-winner-of-the-entrepreneur-of-the-year-2025-michigan-and-northwest-ohio-award https://www.adammendler.com/blog/stephen-ezell/
Home Supplies,Blueland,WINNABLE,"Official @blueland TikTok; TikTok Shop listings for dishwasher/toilet/cleaning tablets; scaled 'creator-earns-commission' affiliate program (partners incl. Lucie Fink). Nov 2025 BBB National Advertising Division reviewed Blueland's TikTok Shop influencer program after a P&G challenge — direct evidence of a large active affiliate operation. Sources: globenewswire NAD release, tiktok.com/@blueland","New York, NY",Certified B-Corp; VC-backed (BBG Ventures et al.); est. ~50-100 employees,"DTC + retail hybrid (own site subscription; Target, Costco)",4,Tablet/refill format needs constant demo + education content; leans on affiliate creators to drive TTS conversion.,Sarah Paiji Yoo,Co-Founder & CEO (personally owns marketing/PR/brand strategy),https://www.linkedin.com/in/sarahpaiji,HIGH,"John A. Mascari, Co-Founder & President/COO — https://www.linkedin.com/in/john-a-mascari-a31a061a/","Per multiple profiles, CEO Paiji Yoo directly leads marketing/PR while Mascari runs ops. In-house social/affiliate team. Actively defends and scales its TikTok Shop creator program (NAD case). No named CMO — CEO is the budget owner.",https://www.linkedin.com/in/sarahpaiji https://www.linkedin.com/in/john-a-mascari-a31a061a/ https://www.globenewswire.com/news-release/2025/11/25/3194612/0/en/National-Advertising-Division-Finds-Certain-Blueland-TikTok-Shop-Influencer-Disclosures-Appropriate-Blueland-Voluntarily-Modifies-or-Discontinues-Others.html https://en.wikipedia.org/wiki/Sarah_Paiji_Yoo
Home Supplies,Sheets Laundry Club,WINNABLE,"Active @sheetslaundryclub TikTok posting founder/Shark-Tank and CleanTok content; laundry detergent sheets + home cleaning line sold via TTS/DTC. Sources: tiktok.com/@sheetslaundryclub, sheetslaundryclub.com","Charlotte, North Carolina",Mid-market private; founded Dec 2019; veteran-owned; landed a Shark Tank deal,DTC subscription + retail,4,Eco laundry-sheet subscription differentiates almost entirely through founder-story and CleanTok creator content.,Chris Videau,CEO & Co-Founder,https://www.linkedin.com/in/chris-videau-a9180389/,HIGH,"Laurian Videau, Co-Founder (individual LinkedIn URL not verified)","Founder-led, veteran-owned; strong owned TikTok channel doubling as the brand's primary content engine. Co-founder is Chris's wife Laurian; her exact profile URL not confirmed so left blank. (Note: some sources cite Chris Campbell as the other operating co-founder.) No stated AOR.",https://www.linkedin.com/in/chris-videau-a9180389/ https://sheetslaundryclub.com/our-story https://www.tiktok.com/@sheetslaundryclub/video/7285499409859661098 https://www.trustbgw.com/resources/chris-videau-sheets-laundry-club
Home Supplies,Scrub Daddy,FLAGSHIP,"Category-defining CleanTok brand; @scrubdaddy ~4.2M TikTok followers; active TikTok Shop storefront; team publicly discusses TTS collabs (Ad Age). Sources: tiktok.com/@scrubdaddy, adage.com","Pennsauken / Cherry Hill, New Jersey (Philadelphia metro)",$200M+ annual revenue; hundreds of employees,Retail-first + DTC + TTS,4,Built the brand on entertainment-led social and sustains an enormous content/creator-collab cadence.,Davis Miller,Social Media Manager,https://www.linkedin.com/in/davis-miller-5323321a2/,MED,"Kerrie Longo, Social Media Manager (named in Ad Age; individual LinkedIn URL not verified)",Famous in-house social team (Kerrie Longo + Davis Miller) runs TikTok/TTS collabs; Founder/CEO Aaron Krause. Ultimate social/creator budget likely sits with a marketing director above the social managers (unconfirmed) — hence MED. Flagship with mature in-house muscle; market-map value more than easy win.,https://www.linkedin.com/in/davis-miller-5323321a2/ https://adage.com/article/podcast-marketers-brief/scrub-daddys-social-team-discusses-tiktok-collabs/2571126/ https://www.tiktok.com/@scrubdaddy
Home Supplies,The Pink Stuff (Stardrops),FLAGSHIP,"Viral 'miracle' cleaning paste; official US TikTok Shop PDPs (shop.tiktok.com/us/pdp/...stardrops-the-pink-stuff...) and @cleanwithpinkstuff; ~$125M/yr driven largely by TikTok/IG virality. Sources: shop.tiktok.com, entrepreneur.com",UK (Star Brands / Stardrops); US-market-primary via US distributor acquired 2023,~$125M annual revenue; acquired April 2025 by RPM International (Rust-Oleum subsidiary) for ~£345M + earnout,Retail + marketplace + TTS,3,"Demand is largely organic/earned virality; still seeds creators but far less content-dependent, and now owned by a large corporate parent.",,,,LOW,,"Now a Rust-Oleum/RPM International brand — corporate marketing structure, likely locked agency relationships, harder to reach and lower creator-tooling need. Marketing decision-maker role exists but individual unconfirmed; deliberately left blank rather than guessed.",https://legalclarity.org/who-owns-the-pink-stuff-after-rpms-acquisition/ https://www.entrepreneur.com/business-news/how-tiktok-turned-the-pink-stuff-into-cleaning-product-gold/469604 https://shop.tiktok.com/us/pdp/cleaning-paste-stardrops-the-pink-stuff-miracle-for-tough-stains/1730871792313668516
Home Supplies,Homeika,WINNABLE,"Homeika Cordless Vacuum reported $25M+ US TikTok Shop GMV — one of the platform's top home products; active TTS storefront + PDPs (tiktok.com/shop/pdp/...homeika...). Sources: shop.tiktok.com/us/k/homeika-vacuum, accio TTS category recap","Homeika USA — McKinney, Texas (US arm); brand/trademark owned by Zhuhai XueChuang Cross-border E-commerce Co., Ltd. (China)","Mid; private cross-border seller, headcount undisclosed",Cross-border marketplace/DTC (Amazon + TikTok Shop),5,A near-pure creator-commerce play — GMV built almost entirely on affiliate demo content and TTS; no legacy retail brand equity.,,,,LOW,,"Trademark owner Zhuhai XueChuang Cross-border E-commerce Co.; US entity Homeika USA (McKinney, TX per BBB). US marketing/creator lead likely offshore — role exists, individual unconfirmed (blank, not guessed). No apparent in-house US creator team = strong white-label / agency + AI-content target.",https://trademarks.justia.com/881/04/homeika-88104494.html https://www.bbb.org/us/tx/mckinney/profile/vacuum-cleaners/homeika-usa-0875-91343837 https://www.tiktok.com/shop/pdp/cordless-vacuum-cleaner-by-homeika-300w-23kpa-lightweight-with-led-display/1729406192892088964 https://www.accio.com/business/tiktok-shop-us-top-selling-categories-2025
Home Supplies,Clean People,WINNABLE,"Eco laundry detergent sheets with active TikTok Shop listings and steady CleanTok/#tiktokshop creator-review volume (e.g. @beautyfeastvibes, @the_daily_diy, @chickenboxfox). Sources: shop.tiktok.com/us/k/clean-people-laundry-sheets-reviews, tiktok.com/product/clean-people-laundry-sheets","United States (exact city unverified); 'American owned, made in USA/Canada'",Small/mid private; details not disclosed,DTC + marketplace (Amazon/TTS) + retail,4,Commodity eco laundry sheets differentiate almost solely through creator reviews/demos on CleanTok.,,,,LOW,,"Genuine TTS-native affiliate presence but no verifiable founder/marketing lead surfaced in search — honest blank rather than a guess. Marketing role exists, individual unconfirmed; would need direct outreach or LinkedIn company-page scan to identify KDM.",https://shop.tiktok.com/us/k/clean-people-laundry-sheets-reviews https://www.tiktok.com/product/clean-people-laundry-sheets https://www.tiktok.com/@beautyfeastvibes/video/7433270312663338283
Food & Beverages,Nello (Drink Nello / Supercalm),WINNABLE,@drinknello TikTok Shop store; Supercalm KSM-66 Ashwagandha drink mix is a top-selling functional-beverage SKU. Case studies cite ~$25.65M-$28M cumulative TTS GMV. Shop PDP: shop.tiktok.com/us/k/nello-supercalm-calming-drink-mix,Utah (Lehi/SLC area),"Small startup, est. ~20-50 employees; ~$25-28M TTS GMV cumulative","DTC + marketplace (drinknello.com, TikTok Shop, Amazon)",5,Single-SKU functional drink whose entire growth engine is affiliate creators + flavor-drop content; burns through creator video weekly.,Connor Noe,Co-founder & CMO,https://www.linkedin.com/in/connorbnoe,HIGH,"Mason Porter, Co-founder & COO; Renee Noe (star influencer/content, https://www.linkedin.com/in/renee-noe-8390b02ba/)","Founder-led marketing (Connor = CMO). Connor Noe LinkedIn (connorbnoe) independently confirmed as Co-founder of Nello. Renee Noe LinkedIn (renee-noe-8390b02ba) confirmed as 'Noe Bad Vibes' influencer. Uses external TTS agencies: Uptickk names Nello as a client, and Brands Meet Creators (BMC) cited helping Nello ($140K GMV in March).","https://drinknello.com/, https://www.tramicheck.com/newsletter/drink-nellos-playbook-for-success-a-tiktok-shop-case-study, https://www.linkedin.com/in/connorbnoe, https://uptickk.com/"
Food & Beverages,Brainista (Yerba Magic),WINNABLE,Yerba Magic instant yerba mate powder cited as #1 yerba mate on TikTok Shop & Amazon; ~$3.75M revenue in March 2025 (Brands Factory monitor). TTS PDP: tiktok.com/product/brainista-yerba-mate,US (specific city unconfirmed),"Small startup (early-stage, est. <50 employees)","DTC + marketplace (mybrainista.com, TikTok Shop, Amazon)",5,"Functional nootropic drink powder, pure creator-commerce play with rapid flavor/SKU launches and heavy affiliate demos.",Colin Fiala,Founder & CEO,,MED,,Founder Colin Fiala confirmed as Founder/CEO of Brainista/Yerba Magic across multiple press releases (also runs @brainista.ceo). Individual LinkedIn profile not verified in search (URL unverified). No agency-of-record found.,"https://mybrainista.com/, https://usanews.com/newsroom/brainista-continues-to-innovate-nootropic-drink-options, https://www.instagram.com/brainista.ceo/, https://chinesellers.substack.com/p/tiktok-marketplace-monitormarch-2025"
Food & Beverages,EZ Bombs,WINNABLE,Birria/Tinga/Pozole seasoning 'bombs'; became #1 food product on TikTok Shop in 2024. TTS PDP: shop.tiktok.com/view/product/1729444047203963674. Agital case study: 3x to 30x ROAS in first 90 days on TTS.,"Victorville, CA",Small family business (founded 2022; startup scale),"Hybrid: DTC (ezbombs.com) + TikTok Shop + retail (Walmart ~nationwide, Amazon)",5,Recipe/cook-along demo product tailor-made for live shopping + affiliate video; content velocity is the whole funnel.,Tina Castaneda,Founder,,MED,"Brandon Castaneda, Co-founder & CEO (son)","Founder Tina Castaneda (family-run, cancer survivor) confirmed as founder/face in press. Note: son Brandon Castaneda is listed as Co-founder & CEO on LinkedIn. Founder's individual LinkedIn not verified/added (URL unverified). Agency-of-record: Agital (managed ads/email/SMS/live/affiliate; sister co EK Creative / Go Fish Digital).","https://ezbombs.com/, https://www.vvng.com/ez-bombs-goes-nationwide-with-walmart-launch-bringing-bold-latin-flavor-from-kitchen-startup-to-viral-sensation/, https://agital.com/results/case-studies/ez-bombs/, https://www.shipbob.com/blog/ez-bombs/"
Food & Beverages,Behave Candy,WINNABLE,"Low-sugar gummies; 'Super Sour Skulls' sold out in 3 days on TikTok Shop (spring 2025), driving a ~2,000-door Target launch (April 2026). TTS/virality documented by Modern Retail. Tag: #behavebrand","New York, NY","Small startup (~10-25 employees); seed-funded (Busy Philipps, Norman Powell investors)",Hybrid: DTC (eatbehave.com) + TikTok Shop + retail (Target),5,"'Bet everything on TikTok Shop' to escape bankruptcy; extreme-flavor candy is reaction-content native, fully creator-dependent.",Mayssa Chehata,Founder & CEO,https://www.linkedin.com/in/mayssa-chehata-86b21140,HIGH,"Emily Gu, Co-founder",Founder-led; female-owned (100% women leadership/R&D). Mayssa Chehata LinkedIn (mayssa-chehata-86b21140) independently confirmed as Founder & CEO of BEHAVE Candy. Founders Chehata & Gu ran TTS + affiliate strategy in-house. No named agency-of-record found.,"https://www.modernretail.co/operations/candy-brand-behave-bet-everything-on-tiktok-shop-went-viral-and-secured-a-target-launch/, https://www.linkedin.com/in/mayssa-chehata-86b21140, https://www.eatbehave.com/pages/about, https://www.femalestartupclub.com/blogs/podcasts/mayssa-chehata-behave-candy"
Food & Beverages,Built Bar (Built Brands),WINNABLE,"Official Built Bar TikTok Shop store: ~$20.4M cumulative GMV on ~700k units, ~18.8k affiliates (mostly 10k-50k-follower creators), per FastMoss protein-bar playbook. Live shopping ~30% of sales.","American Fork, Utah",Mid-market manufacturer (est. 100s of employees; owns production),Hybrid: DTC (builtbar.com) + TikTok Shop + retail + Amazon,5,Runs one of the largest food affiliate armies on TTS (~18.8k creators) + heavy live shopping — insatiable demand for creator content at scale.,,Head of Social/Creator (owner of affiliate budget) — unconfirmed,,LOW,"Jeff Newman, Executive VP, Built Bar (https://www.linkedin.com/in/jnewman12)",Large in-house affiliate operation. Jeff Newman LinkedIn (jnewman12) independently confirmed as EVP at Built Bar/Built Brands (former CMO) but not specifically the social/creator owner. Specific Head of Social/Influencer not identified in search — role clearly exists (18.8k affiliates managed) but individual unconfirmed.,"https://www.fastmoss.com/blog/the-tiktok-shop-protein-bar-playbook-why-built-bar-is-winning/, https://www.linkedin.com/in/jnewman12, https://www.linkedin.com/company/built-brands"
Food & Beverages,BonBon (A Swedish Candy Co.),WINNABLE,"@bonbonnyc runs a TikTok Shop with an exclusive 'TikTok Mix' SKU; #BonBon hashtag searched 3.1B+ times; a viral creator video drove ~1,000 online orders overnight (vs ~20/day). TTS product page: tiktok.com/product/bonbon-swedish-candy","New York, NY (Lower East Side / Brooklyn)",Small (founded 2017; ~4 retail locations + ecommerce),Hybrid: retail stores + DTC (bonbonnyc.com) + TikTok Shop,4,"Swedish-gummy craze is highly creator-driven (pick-and-mix ASMR/haul content), but virality is partly organic/location-led vs pure paid affiliate.",Leo Schaltz,Co-founder,,MED,"Selim Adira, Co-founder & CEO; Robert Persson, Co-founder","Three co-founders (Leo/Leonard Schaltz, Selim Adira, Robert Persson) confirmed via NBC/Nina Roberts/Fast Company press; Swedish immigrants, founded 2017/2018. Selim Adira appears to be CEO (ZoomInfo). LinkedIn URLs not verified in search (URL unverified). No agency-of-record identified.","https://bonbonnyc.com/pages/about, https://www.nbcnews.com/news/us-news/swedish-gummies-craze-taking-candy-world-rcna178121, https://mail.creatoreconomynyc.com/p/bon-bon-local-gone-viral, https://www.tiktok.com/@bonbonnyc"
Food & Beverages,MaryRuth's (MaryRuth Organics),FLAGSHIP,"Liquid Morning Multivitamin + Hair Growth: ~$29M+ TTS GMV, 369k+ bottles sold; ran a TikTok Shop 'Super Brand Day' (PRNewswire, Dec 2024); official TikTok For Business case study (246%+ GMV uplift from Top Feed).","Los Angeles, CA","Mid-large; est. 200+ employees, $100M+ revenue band","Hybrid: DTC + marketplace (TikTok Shop, Amazon) + retail",4,"Creator-first storytelling brand ('feels like a recommendation, not an ad') running always-on affiliate + Top Feed; high but professionalized content demand.",,"Senior Director, Influencers & Socials",,LOW,"Elizabeth Althoff, Influencer Marketing Manager (https://www.linkedin.com/in/elizabeth-althoff/); Catalina Leyva, Director of Retention & Social Commerce","Dedicated in-house influencer/social org (Sr Director + Manager + Social Commerce Director). 'Molly Savage' could NOT be confirmed in this role — role exists, individual unconfirmed (URL unverified). Company sources (The Org, MaryRuth's own TikTok 'Meet our Influencer Marketing Director, Kristen') indicate the Senior Director of Influencers & Socials is Kristen Althoff, not Molly Savage. Elizabeth Althoff LinkedIn (elizabeth-althoff) independently confirmed as Influencer Marketing Manager at MaryRuth's.","https://www.prnewswire.com/news-releases/maryruths-celebrates-tiktok-shop-super-brand-day-with-exclusive-offers-and-viral-favorites-302339675.html, https://ads.tiktok.com/business/en-US/inspiration/maryruth-reach-and-frequency-tiktok-shop, https://www.linkedin.com/in/elizabeth-althoff/, https://theorg.com/org/maryruths/org-chart/kristen-althoff"
Food & Beverages,David Protein,FLAGSHIP,@davidprotein TikTok Shop store; ~50k+ products sold and ~60M platform impressions within ~9 months of launch; new employees host livestreams. Co-founder TTS playbook covered by Rachel Karten (Milk Karten).,"New York, NY",Well-funded scale-up ($75M+ raised); est. 50-150 employees,Hybrid: DTC (davidprotein.com) + TikTok Shop + Amazon + retail,4,Founder/PR-led virality plus livestream + affiliate; strong content machine but less single-channel-dependent than smaller peers.,Zach Ranen,Co-founder (brand/marketing),,MED,"Peter Rahal, Co-founder (also founder of RXBAR)",Founder-led TTS strategy. Zach Ranen and Peter Rahal both confirmed as co-founders of David via Forbes/PRNewswire/Wikipedia. Launch branding by agency Day Job. Dedicated head-of-growth/social not confirmed; individual LinkedIn URLs not verified in search (URL unverified).,"https://www.milkkarten.net/p/david-proteins-tiktok-shop-playbook, https://www.tiktok.com/@davidprotein, https://www.shopify.com/news/protein-trend, https://avenuez.com/blog/what-we-can-learn-from-david-proteins-virality/"
Menswear & Underwear,True Classic,FLAGSHIP,"Active TikTok Shop storefront (shop.tiktok.com/us/k/true-classic-tees) + @trueclassic; large affiliate program, products pushed under #tiktokshopcreatorpicks / #fanfavoritedeals 4-pack tees; category-leading DTC menswear basics.","Los Angeles, CA",~160-164 employees; ~$200M+ revenue (hit $207M in 2023),"DTC-primary, expanding to wholesale/retail (hybrid DTC)",5,Basics brand that lives on high-volume creator affiliate video and weekly promo drops; creator-commerce is a core channel.,Ben Yahalom (Ben Diamond),CEO,https://www.linkedin.com/in/benyahalom,HIGH,"Emily Troyer Schwartz, Brand Partnerships, https://www.linkedin.com/in/emilytroyer/","CEO Ben Yahalom (took over CEO summer 2024, prior president) verified via LinkedIn /in/benyahalom - HIGH. Large in-house marketing org; posted a CMO search (WayUp). Secondary contact Emily Troyer (URL verified real) appears to have MOVED to a Brand Activations Manager role at Vitamin Well Group per LinkedIn - treat True Classic role as likely stale; confirm before use. No single verified Head of Creator/Social found.",https://www.linkedin.com/in/benyahalom https://www.glossy.co/podcasts/true-classic-ceo-ben-yahalom-diversification-is-key-to-marketing-success/ https://shop.tiktok.com/us/k/true-classic-tees https://www.linkedin.com/in/emilytroyer/
Menswear & Underwear,TBô (TBô Bodywear),WINNABLE,TikTok Shop presence (shop.tiktok.com/us/k/tbo-underwear) + @tbobodywear; 'community-led' D2C model with a 400k+ 'Tribe'; bamboo men's underwear sold via TTS and Amazon.,Switzerland-founded (Geneva/Zurich); US-market-primary via US TikTok Shop/Amazon,"Small (est. <50 employees); privately held, community-led D2C","DTC (direct-by-consumer / co-creation), + TTS + Amazon",5,Entire model is community/creator co-creation content; burns through UGC and creator video constantly to feed its Tribe.,Roy Bernheim,Co-Founder (CEO title unconfirmed),,LOW,"Allan Perrottet, Co-Founder (COO/product)",Roy Bernheim confirmed across multiple sources as co-founder of TBô (with Allan Perrottet); sources do not confirm a 'CEO' title specifically. No personal LinkedIn URL found (URL unverified). Marketing is community-driven vs. traditional AOR.,https://tbo.clothing/us/about/ https://stickybranding.com/success-stories/ https://www.mayple.com/case-studies/tbo-underwear https://shop.tiktok.com/us/k/tbo-underwear https://www.instagram.com/tbobodywear/
Menswear & Underwear,Shinesty,WINNABLE,"Active TTS storefront (shop.tiktok.com/us/k/shinesty-underwear) + Ball Hammock pouch PDP on TTS (id 1729599237749379687); 263k+ TikTok followers, ~3.6M likes; built community around men's novelty pouch underwear on TikTok.","Denver/Boulder, CO",Est. ~50-100 employees; privately held DTC,DTC (own site) + Amazon + TTS,4,Humor/novelty underwear that depends on constant viral short-form content and creator UGC to stay top-of-feed.,Jens Nicolaysen,Co-Founder & CMO,https://www.linkedin.com/in/jensnicolaysen,HIGH,"Molly Wallace Kerrigan, VP of Marketing, https://www.linkedin.com/in/molly-wallace-kerrigan-58296a71/",CMO/co-founder Jens Nicolaysen verified via LinkedIn /in/jensnicolaysen (role confirmed on The Org/Crunchbase) - HIGH. VP Marketing Molly Wallace Kerrigan (VP of Marketing & Ecommerce; ex-MeUndies retention) verified via LinkedIn /in/molly-wallace-kerrigan-58296a71. In-house creative-heavy team; strong owned-content + retention muscle.,https://www.linkedin.com/in/jensnicolaysen https://www.linkedin.com/in/molly-wallace-kerrigan-58296a71/ https://theorg.com/org/shinesty/org-chart/jens-nicolaysen https://shop.tiktok.com/us/k/shinesty-underwear
Menswear & Underwear,SHEATH Underwear,WINNABLE,"Brand-run @sheathunderwear TikTok posting dual-pouch product videos + TTS PDP (SHEATH 2.1 Bamboo Dual Pouch, id 1729404869952639902) and storefront shop.tiktok.com/us/k/sheath-underwear; heavy creator review velocity (@worthabuck, @denofdeals).","Woodland Park, CO",Small (est. 25-100 employees); veteran-founded DTC,DTC (own site) + TTS,4,Single-hero-product (dual pouch) brand reliant on repeated creator demo/review content to drive conversion.,Raul Rodriguez,Chief Marketing Officer,,LOW,"Robert Patton, Founder/CEO, https://www.linkedin.com/in/robert-patton-b675273b/","Raul Rodriguez appears as CMO ONLY on data-broker aggregators (ZoomInfo, RocketReach) - no LinkedIn profile or first-party source found, so role-currency cannot be verified (URL unverified); treat as unconfirmed. Founder/CEO Robert Patton (US Army veteran, founded 2013) verified via LinkedIn /in/robert-patton-b675273b - reliable primary contact; small team so founder likely still owns brand/creator decisions.",https://www.zoominfo.com/p/Raul-Rodriguez/13478754534 https://rocketreach.co/sheath-sheath-underwear-management_b45b4e4cfc59d0bd https://www.linkedin.com/in/robert-patton-b675273b/ https://www.tiktok.com/@sheathunderwear/video/7450152044213718318
Menswear & Underwear,State and Liberty,WINNABLE,TTS storefront (shop.tiktok.com/us/k/state-and-liberty-clothing) + TTS PDPs (sport shirt / tee); very high volume of creator review content on athletic-fit dress shirts/suits (#stateandliberty).,"Ann Arbor, MI","Est. ~50-100 employees; privately held, growing DTC + retail",DTC + own retail stores (hybrid),4,Fit-demo product (athletic build) that converts on before/after and try-on creator video; content-hungry for niche body-type audience.,,"Head of Marketing (role exists, individual unconfirmed)",,LOW,"Dan Soleau, Manager, State and Liberty, https://www.linkedin.com/in/dan-soleau/","Marketing leader not verifiable from search - role exists (careers page lists E-Commerce Growth Manager, Email/Graphic Design Manager, Director of Marketing-type roles). Dan Soleau LinkedIn /in/dan-soleau verified (listed as 'Manager' at State and Liberty, Ann Arbor) - exact function not confirmed, do not assume marketing ownership. Recommend LinkedIn confirmation before outreach.",https://stateandliberty.com/pages/career https://www.linkedin.com/in/dan-soleau/ https://shop.tiktok.com/us/k/state-and-liberty-clothing https://growjo.com/company/State_and_Liberty_Clothing_Co.
Menswear & Underwear,Fresh Clean Threads,WINNABLE,"Brand-run @freshcleanthreads TikTok + TTS product listing (crew tee, id 1729671804079674060); rebranded from Fresh Clean Tees, actively posts menswear tee content; frequent True Classic head-to-head creator comparisons.",United States (San Diego / Southern California),Mid-market DTC; privately held (founded 2015),DTC (own site) + TTS + Amazon,4,Commodity men's tee competing head-to-head with True Classic - needs constant fit/value creator content to win the comparison.,Brendan Roeschel,Chief Marketing Officer,https://www.linkedin.com/in/brendan-roeschel-059093b5,HIGH,"Matthew Parvis, Co-Founder & CEO, https://www.linkedin.com/in/matthew-parvis-18045b4a/","Brendan Roeschel CMO verified via LinkedIn /in/brendan-roeschel-059093b5 with matching title, corroborated by event-org LinkedIn post (join-grow) and SignalHire - upgraded to HIGH. Founders Matthew & Melissa Parvis (Matthew = Co-Founder/CEO, LinkedIn /in/matthew-parvis-18045b4a verified; Melissa = Co-Founder/President). Team actively hiring in marketing per Matthew Parvis LinkedIn post.",https://www.linkedin.com/in/brendan-roeschel-059093b5 https://www.linkedin.com/in/matthew-parvis-18045b4a/ https://www.tiktok.com/@freshcleanthreads https://www.tiktok.com/view/product/1729671804079674060
Menswear & Underwear,PSD Underwear,WINNABLE,"@psdunderwear ~4M TikTok followers, ~69M likes; TTS storefront (shop.tiktok.com/us/k/psd-underwear); runs TTS promos/mystery-box bundles; athlete-backed (Ja Morant, Jimmy Butler, Tyler Herro) with strong creator-commerce motion.","Irvine, CA",~60+ employees; ~$8-12.5M revenue,Hybrid - DTC + wholesale/retail + licensing (NBA/eGaming),4,Bold-print athlete/streetwear underwear that leans on athlete + creator content and drop culture to move SKUs.,Ryan Flaitz,Co-Founder & Director of Art,,LOW,"Curt Flaitz, Co-Founder, President & Marketing Director","Brothers Curt & Ryan Flaitz confirmed as co-founders (Forbes). Note: Ryan is Co-Founder & Director of Art; his brother CURT is Co-Founder, President & Marketing Director - Curt is the more likely marketing decision-maker. A public LinkedIn for Ryan Flaitz exists but was not in the research and is not the marketing lead - no verified marketing-owner URL, so URL unverified. Licensing/athlete partnerships suggest a partnerships lead exists - confirm before outreach.",https://www.forbes.com/sites/allysonportee/2022/10/17/the-brothers-behind-psd-underwear-ryan-and-curt-flaitz-open-up-about-the-brand-thats-just-as-much-about-community-as-it-is-about-their-products/ https://growjo.com/company/PSD_Underwear https://www.tiktok.com/@psdunderwear https://shop.tiktok.com/us/k/psd-underwear
Menswear & Underwear,Cuts Clothing,WINNABLE,@cuts TikTok + TTS storefront (shop.tiktok.com/us/k/cuts-shirts) with 3-pack promos/discount codes; documented influencer/ambassador program (GRIN case study) assigning creators 1-2 TikTok videos/month.,"Culver City, CA",~50 employees; $250M+ cumulative sales (bootstrapped),DTC + own retail (hybrid),4,Premium-basics brand that scaled on an ambassador/creator flywheel and needs steady monthly creator content cadence.,Steven Borrelli,Founder & CEO,https://www.linkedin.com/in/borrellisteven,HIGH,Cuts posted a 'Director of Growth' role (marketing leadership below CEO),"Founder/CEO Steven Borrelli verified via LinkedIn /in/borrellisteven (founded 2016, $250M+ cumulative bootstrapped sales) - HIGH; the brand/marketing driver on a small (~50) team. Ran a formal ambassador program via GRIN. Hiring Director of Growth per search - a growth/creator lead may now own the affiliate budget; confirm.",https://www.linkedin.com/in/borrellisteven https://grin.co/case-studies/tik-tok-case-study-cuts-clothing/ https://www.sweepcreative.com/the-brand-study/cuts-clothing https://shop.tiktok.com/us/k/cuts-shirts
Sports & Outdoor,YoungLA,WINNABLE,"Active TikTok Shop storefront (@youngla, 'YoungLA TikTok Shop' with gym-outfit SKUs); scaled via TikTok fitness-creator affiliate program. Forbes (Aug 2025): $176M revenue built on TikTok influencer/affiliate content.","Santa Clarita / Los Angeles, CA","~$176M revenue (2024–25); founder-owned, est. 200+ employees",DTC + TikTok Shop + affiliate creator commerce (some marketplace),5,"Founder-led activewear that ships constant drops and lives on gym-creator affiliate content — burns through creator video weekly, no holding-co agency lock-in.",Sarina Vanmali,"Director of Marketing (owns creative, social, influencer, paid)",https://www.linkedin.com/in/sarina-vanmali-2b905322/,HIGH,Gurmer & Robby Chopra — Co-Founders/Owners (no verified individual LinkedIn URL captured),In-house creative/social/influencer team under Sarina Vanmali; founder-owned so buying decisions are fast and centralized. No stated agency-of-record. Uses Radial for fulfillment (unrelated to creative). Sarina Vanmali confirmed as Director of Marketing at YoungLA via LinkedIn plus multiple B2B directories; LinkedIn URL independently verified and matches.,https://www.forbes.com/sites/simonemelvin/2025/08/08/how-youngla-pumped-up-its-activewear-startup-to-176-million-in-sales/ https://www.linkedin.com/in/sarina-vanmali-2b905322/ https://www.youngla.com/pages/about-us https://www.tiktok.com/discover/youngla-tiktok-shop
Sports & Outdoor,HydroJug,WINNABLE,Active TikTok Shop (Traveler 40oz SKUs on shop.tiktok.com; @hydrojug). Company posted a 'TikTok & Amazon Ads Buyer' role stating TikTok is its primary paid channel — running GMV Max and GMV Live inside TikTok Shop.,"Ogden, UT","Mid-market DTC; 35,000 sq ft Ogden HQ/manufacturing, est. ~100–250 employees",DTC + Amazon + TikTok Shop + retail (Target/Walmart) hybrid,5,Hydration brand whose growth engine is explicitly TikTok creator content + GMV Max/Live — needs high-velocity affiliate video continuously.,,VP of Marketing (role exists per company job posts; individual unconfirmed),,LOW,Samantha Birrell — Brand Partnerships — https://www.linkedin.com/in/samantha-birrell-197755235/,"Dedicated in-house TikTok/Amazon paid team (hiring 'TikTok & Amazon Ads Buyer' and Performance Marketing Manager in Ogden). VP of Marketing role referenced in postings but the current individual could not be verified — role exists, individual unconfirmed. Samantha Birrell independently confirmed as Brand Partnerships at HydroJug; her LinkedIn URL verified and matches. Michelle Serna also referenced on marketing team (unverified).",https://www.thehydrojug.com/blogs/careers/tiktok-amazon-ads-buyer https://www.tiktok.com/shop/product/hydrojug https://www.linkedin.com/in/samantha-birrell-197755235/ https://www.linkedin.com/company/hydrojug
Sports & Outdoor,NVGTN,WINNABLE,"Dedicated TikTok Shop landing (shop.tiktok.com/us/k/nvgtn-gym-wear) and @nvgtn; brand built on TikTok fitness-creator seeding/affiliate content, ships to 180+ countries.","Tampa / Pasco County, FL","One of fastest-growing US apparel brands; 100,000 sq ft FL HQ, est. $100M+ revenue",DTC + TikTok Shop + affiliate creator commerce,5,TikTok-native activewear with frequent seasonal/color drops entirely dependent on gym-creator content velocity; no holding-co agency.,,Head of Marketing / Influencer (in-house role; individual unconfirmed),,LOW,Brett Schneggenburger — Owner & CEO; Ashleigh Schneggenburger — Co-Founder/creative lead (no verified individual LinkedIn URL captured),"Founder-run (Brett & Ashleigh Schneggenburger, founded 2018). In-house influencer/creative team but no named, verifiable marketing KDM found — role inferred, individual unconfirmed. Ashleigh is the brand/creative face; Brett owns the business.",https://nvgtn.com/pages/about-us https://shop.tiktok.com/us/k/nvgtn-gym-wear https://www.tiktok.com/@nvgtn https://www.linkedin.com/company/nvgtn
Sports & Outdoor,Halara,WINNABLE,"TikTok Shop 'Super Brand Day' campaign: 115M video views over 6 days and ~100,000 customers; @halara_official. Affiliates earn 10% + performance rewards; works with thousands of creators per launch.",US-market DTC (China-founded; backed by HIKE Capital),Est. $100M+ revenue (~$101M 'playbook' cited); mid/large DTC,"DTC + TikTok Shop marketplace, mass-creator affiliate model",5,Explicitly virality-engineered — recruits thousands of creators per drop with commission + giveaway incentives; content demand is effectively unlimited.,Gabby Hirata,Global Brand President (LIKELY DEPARTED — see notes),https://www.linkedin.com/in/gabbyhirata/,MED,Gabriel D. Celestino — cited in Halara TikTok Shop campaign LinkedIn post (role/currency unverified),"Gabby Hirata (ex-DVF CEO) named Global Brand President July 2023 (WWD confirmed) and led the influencer-incentive strategy. LinkedIn URL independently verified as her real profile, BUT her current headline now reads 'Advisor | Ex-CEO/President | DTC' — she appears to have transitioned OUT of the President role, so the title is likely stale. URL verified/real; role currency NOT current. Verify status before outreach. Marketing runs on a large distributed creator/affiliate ops team rather than a single AOR.",https://www.marketingbrew.com/stories/2024/01/24/how-halara-uses-influencer-incentives-to-go-viral-again-and-again https://wwd.com/business-news/retail/gabby-hirata-appointed-global-brand-president-of-halara-1235728539/ https://www.forbes.com/sites/sboyd/2024/02/29/how-activewear-brand-halara-harnessed-the-marketing-power-of-tiktok/ https://www.linkedin.com/in/gabbyhirata/
Sports & Outdoor,Bala (Bala Bangles),WINNABLE,Active TikTok Shop (@bala; shop.tiktok.com/us/k/bala-bangles-2lbs) with #tiktokshop sale videos and creator codes (e.g. PLAYDAY30); design-forward wearable weights that recur in fitness/Pilates creator content.,"Los Angeles, CA","Small DTC, est. ~$20–40M revenue (grew 8x post-Shark Tank)","DTC + retail (Target ~1,380 doors, Amazon) + TikTok Shop hybrid",4,"Aesthetic, giftable fitness accessory built on influencer gifting/UGC from day one; needs steady lifestyle creator content but has a retail base cushioning it.",Natalie Holloway,Co-Founder & CEO (brand/marketing lead),,MED,Maximilian Kislevitz — Co-Founder — https://www.linkedin.com/in/maximilian-kislevitz-12b147b/,"Founder-led (Natalie Holloway & Max Kislevitz, husband-and-wife, founded 2018). Grew multi-million with NO paid media early — influencer gifting + organic was the entire playbook, so creator content is core DNA. Natalie Holloway confirmed as co-founder/CEO across WWD/Shopify/Mark Cuban Companies, but her exact individual LinkedIn URL could not be verified (multiple same-name profiles), so left blank. Max Kislevitz's LinkedIn URL independently verified and matches. Works with agency Superordinary on some collabs/commerce.",https://shop.tiktok.com/us/k/bala-bangles-2lbs https://www.tiktok.com/@bala/video/7301100717996117294 https://www.shopify.com/blog/bala-organic-marketing https://www.linkedin.com/in/maximilian-kislevitz-12b147b/ https://wwd.com/beauty-industry-news/wellness/bala-target-launch-1235814040/
Sports & Outdoor,Cirkul,FLAGSHIP,TikTok Shop product listings (tiktok.com/product/cirkul-water-bottle) and 1.2B+ TikTok views; the flavor-cartridge 'first reaction' UGC format went viral and drives affiliate sales.,"Tampa, FL","$1B valuation (2022, Bloomberg); large DTC, hundreds of employees",DTC subscription (cartridges) + Walmart retail + TikTok Shop,4,"Reaction/taste-test UGC is its core acquisition engine, but subscription + Walmart distribution reduce raw content dependency vs. pure TTS-native players.",Daniel Gdowski,VP of Marketing (title disputed — see notes),https://www.linkedin.com/in/dangdowski/,MED,Garrett Waggoner — CEO & Co-Founder (no verified individual LinkedIn URL captured),"In-house Tampa marketing org actively hiring paid-social content creators and marketing specialists. Daniel Gdowski's LinkedIn URL independently verified and matches — he is a real Cirkul executive in Tampa. Title AMBIGUOUS: his own LinkedIn headline reads 'VP of Marketing | Growth Executive,' but third-party sources (The Org, RocketReach) list him as 'VP of Ecommerce' at Cirkul. Verify exact remit before outreach; kept MED.",https://www.bloomberg.com/news/articles/2022-06-13/cirkul-water-becomes-tiktok-famous-now-valued-at-1-billion https://www.tiktok.com/product/cirkul-water-bottle https://www.linkedin.com/in/dangdowski/ https://theorg.com/org/cirkul/org-chart/daniel-gdowski https://drinkcirkul.com/pages/careers
Sports & Outdoor,Solo Stove (Solo Brands),FLAGSHIP,Sells on TikTok Shop (solostove SKUs) and ran an integrated influencer/TikTok 'Blunt Marketing' campaign with Snoop Dogg; heavy outdoor-creator seeding for fire pits/pizza ovens.,"Grapevine, TX","Public (Solo Brands, NYSE: DTC); ~$450–500M revenue","DTC + retail (Amazon, big-box) + TikTok Shop hybrid",4,"Seasonal outdoor hard-goods brand leaning on demo/lifestyle creator content and celebrity-influencer pushes, but higher AOV/considered purchase moderates content-per-sale intensity.",Liz Vanzura,"Chief Marketing Officer, Solo Brands",,MED,"Luana Bumachar — prior CMO, Solo Brands (exited; Vanzura became interim CMO Feb 2025)","CMO seat turned over: Luana Bumachar departed and Liz Vanzura was named interim CMO Feb 2025, then confirmed as permanent CMO of Solo Brands (Adweek). Name and role independently verified. No individual LinkedIn URL was captured/verified, so kdm_linkedin left blank. Public company with in-house brand + performance teams and agency partners for large campaigns.",https://www.adweek.com/brand-marketing/solo-brands-names-liz-vanzura-cmo-ahead-of-nyse-re-listing/ https://www.prnewswire.com/news-releases/solo-stove-unveils-major-brand-expansion-across-fire-cooking-and-cooling-ahead-of-national-backyard-day-302712725.html https://www.marketingdive.com/news/snoop-dogg-solo-stove-blunt-marketing-campaign/724656/ https://www.solostove.com/us/en-us/
Sports & Outdoor,Jackery,FLAGSHIP,"Active TikTok Shop (shop.tiktok.com/us/k/jackery-portable-power-station; Explorer/400 SKUs) plus a formal affiliate program (5% commission, via Awin/Impact/CJ/AvantLink) targeting outdoor/camping creators.","Fremont, CA (US); parent in Shenzhen, China",Large global category leader in portable power; est. $300M+ revenue,"DTC + Amazon + TikTok Shop + retail (Harbor Freight, big-box) hybrid",4,"Considered-purchase hard goods, but demo/field-test creator content (camping, emergency prep) is central to conversion and the affiliate program is actively creator-fed.",,Head of Americas online / marketing lead (US) — individual unconfirmed,,LOW,York Wu — CEO; Julie Wang — COO (global; no verified individual LinkedIn URL captured),"Global org (CEO York Wu, COO Julie Wang) with a 'Head of Online Business of Americas Region' running US commerce; no US marketing/creator KDM could be verified by name — role exists, individual unconfirmed. Cross-border structure makes single-owner identification harder; affiliate program is the accessible entry point.",https://shop.tiktok.com/us/k/jackery-portable-power-station https://www.jackery.com/pages/affiliate-program https://rocketreach.co/jackery-management_b5f0a2c9f68665a2 https://www.creator-hero.com/blog/jackery-affiliate-program-in-depth-review-pros-and-cons
Health (Supplements/Wellness),Nello (Supercalm),WINNABLE,"@nello on TikTok Shop; Supercalm cortisol/stress drink powder was reported #1-selling product across all of TikTok Shop; 1M+ units sold, 8-figure revenue; runs thousands of affiliates posting thousands of pieces of content daily.","Los Angeles, CA (US)",Small (launched 2021; 8-figure revenue; lean team),"DTC + TTS-native, expanding to retail (Target)",5,"Entirely creator-commerce driven, burning through thousands of affiliate videos daily; textbook high-velocity content need.",Tammy Hilgendorf,Director of TikTok Marketing (TikTok Shop) at Nello,https://www.linkedin.com/in/tammy-hilgendorf-b723a41b9/,HIGH,"Connor Noe, Co-Founder & CMO (no verified LinkedIn URL captured); Sureya Alex, TikTok Marketing Director (https://www.linkedin.com/in/sureyaalex/); Nicole Czarnecki, Director of Brand Marketing",Founder Connor Noe owns creator strategy as CMO; dedicated TikTok Shop marketing function (Hilgendorf + Sureya Alex). Hilgendorf role and LinkedIn URL independently verified via search (Director of TikTok Marketing at Nello). Sureya Alex title/URL also verified. Used external TTS affiliate agency Brands Meet Creators (Mike Rama) to seed 300+ affiliates. No holding-co AOR evident.,https://www.linkedin.com/in/tammy-hilgendorf-b723a41b9/ https://www.glossy.co/pop/glossy-pop-newsletter-wellness-brands-are-winning-on-tiktok-shop-for-now/ https://wwd.com/beauty-industry-news/wellness/tiktok-nello-cortisol-supplement-target-launch-1237088747/ https://www.linkedin.com/posts/michaelrama_nello-supercalm-was-the-1-selling-product-activity-7308914411698638848-za03
Health (Supplements/Wellness),Arrae,WINNABLE,"@arrae.co on TikTok; Bloat and Calm capsules went viral on TikTok Shop; affiliate-only model (pay-per-sale), top creator earned $100K in a month; reportedly ~$50M+ TTS revenue en route to $100M total brand revenue in 2026.","Los Angeles, CA (US)",Mid-market (~$100M revenue 2026),DTC + TTS + retail (hybrid),5,Pure affiliate/creator flywheel with no fixed influencer fees; depends on constant new creator content to sustain virality.,Siffat (Siff) Haider,"Co-Founder & Co-CEO, Arrae",https://www.linkedin.com/in/siffat-haider-35954461,HIGH,"Nish Samantray, Co-Founder & Co-CEO; influencer/affiliate program run by an Influencer Marketing Manager (role actively hired in LA)","Founder-led (Haider is ex-influencer, owns creator vision). Haider role and LinkedIn URL independently verified via search, Crunchbase, and TheOrg (Co-Founder & Co-CEO). In-house Influencer Marketing Manager role posted in LA. 'Alexa Wyatt / Head of Marketing' surfaced in search but reportedly moved to DTC consulting last year - treat as uncertain/possibly former. No holding-co AOR.",https://www.linkedin.com/in/siffat-haider-35954461 https://www.forbes.com/sites/karineldor/2026/02/18/building-100m-wellness-brand-arrae-siff-haider-on-calculated-risk-and-relentless-standards/ https://www.glossy.co/pop/glossy-pop-newsletter-wellness-brands-are-winning-on-tiktok-shop-for-now/ https://www.linkedin.com/jobs/view/influencer-marketing-manager-at-arrae-4094012475
Health (Supplements/Wellness),Micro Ingredients,WINNABLE,@microingredients on TikTok Shop; ~$111M cumulative TTS GMV / 3.2M+ units since launch (per Tramicheck + FastMoss store analysis); broad affiliate program spanning nano to macro creators.,"Montclair, CA (US)",Mid-market (nine-figure TTS GMV; Amazon-native supplier),Marketplace-native (Amazon) + TTS + DTC,5,"One of the largest supplement affiliate engines on TTS; wide SKU catalog requires continuous, high-volume creator content.",,"Head of Marketing / E-commerce (role exists, individual unconfirmed)",,LOW,"Shanfeng Lin, CEO of DPL Trading, Inc. (dba Micro Ingredients) - named in CA OAG Prop 65 filings; no verified LinkedIn URL captured","Legal entity DPL Trading, Inc.; CEO Shanfeng Lin. No named social/creator/affiliate lead verified in public sources - role inferred but individual unconfirmed. No agency-of-record disclosed. Strong inbound target given scale but low-profile leadership.",https://www.tiktok.com/@microingredients https://www.tramicheck.com/newsletter/111m-tiktok-shop-supplement-brand https://www.fastmoss.com/shop-marketing/detail/7494949083499694765 https://oag.ca.gov/system/files/prop65/notices/2024-03867.pdf
Health (Supplements/Wellness),Physician's Choice,WINNABLE,"@physicianschoice on TikTok Shop; ranked #3 across all TikTok Shop sellers during its first Super Brand Day, driving nearly $1M GMV in 7 days; earlier campaign generated $2.4M in 28 days by recruiting 2,000+ creators.","Aspen/Denver, Colorado (US)","Large (#1 US probiotic; ~$300M projected annual revenue; 80,000+ retail doors)",Marketplace-native (Amazon #1 probiotic) + retail + TTS (hybrid),4,Aggressively recruits thousands of creators for TTS bursts; needs scalable creator content but has broad retail base beyond TTS.,Logan Chierotti,"Founder & CEO, Physician's Choice",https://www.linkedin.com/in/loganchierotti/,HIGH,"Morgan Shepard, media contact (named in PR Newswire release; role/currency unconfirmed)",Bootstrapped founder-CEO; EY Entrepreneur of the Year 2026 Mountain West. Chierotti role and LinkedIn URL independently verified via search and TheOrg (Founder & CEO). Dedicated marketing/creator leadership almost certainly exists at this revenue scale but a specific social/affiliate KDM was not verified - Chierotti is the confirmed decision-maker/relationship entry point. No holding-co AOR disclosed.,https://www.linkedin.com/in/loganchierotti/ https://www.prnewswire.com/news-releases/physicians-choice-ranks-3-on-tiktok-shop-during-super-brand-day-driving-nearly-1-million-in-gmv-302803749.html https://www.tiktok.com/@physicianschoice https://www.prnewswire.com/news-releases/physicians-choice-founder-logan-chierotti-named-ey-entrepreneur-of-the-year-2026-mountain-west-award-winner-302816380.html
Health (Supplements/Wellness),Toplux Nutrition,WINNABLE,"@Toplux Nutrition on TikTok Shop; Magnesium Complex (8-form, 1000mg) cited as the highest unit-volume product in TTS supplement top-10 with 1M+ units sold at peak (FastMoss product analysis).","Glendale, CA (US) - per TTS seller listing",Small/undisclosed (private TTS-native seller),TTS-native / marketplace-first (DTC),5,Almost entirely dependent on TikTok Shop affiliate content velocity to move single hero SKU; no brand equity cushion.,,Founder / Marketing lead (unconfirmed),,LOW,,"Low-transparency TTS-native operator; no named executives or LinkedIn presence surfaced. Company address 1146 N Central Ave, Glendale CA. Individual unconfirmed - honest blank. High creator-content dependency makes it a strong Spira prospect if a contact can be sourced via TTS seller outreach.",https://shop.tiktok.com/us/pdp/magnesium-complex-by-toplux-8-essential-magnesium-forms-in-one-capsule/1729448464509734958 https://www.fastmoss.com/e-commerce/detail/1729448464509734958 https://www.accio.com/business/top-selling-products-on-tiktok-shop
Health (Supplements/Wellness),MaryRuth's (MaryRuth Organics),FLAGSHIP,@maryruthorganics on TikTok Shop with dedicated creator program page; Liquid Multivitamin generated $29M+ TTS GMV; TikTok for Business case studies on reach/frequency + CAC.,"Los Angeles, CA (US)",Large (nine-figure revenue supplement brand),DTC + retail + TTS (omnichannel hybrid),4,"Runs a large ongoing TTS creator program across many SKUs; steady high content need but mature, resourced in-house team.",Elizabeth Althoff,"Influencer Marketing Manager, MaryRuth's",https://www.linkedin.com/in/elizabeth-althoff/,HIGH,"Kristen Althoff, Senior Director of Influencers & Socials, MaryRuth's (per TheOrg); Jay Hunter, CRO","Established in-house influencer/creator team (dedicated TikTok Shop creators landing page). Althoff role and LinkedIn URL independently verified via search + ZoomInfo (Influencer Marketing Manager) - identity confirmed, hence upgraded to HIGH; note she is manager-level. Director above her verified as Kristen Althoff, Senior Director of Influencers & Socials (per TheOrg). Likely partially agency-supported but no AOR disclosed.",https://www.linkedin.com/in/elizabeth-althoff/ https://www.maryruthorganics.com/pages/maryruths-tiktok-shop-creators https://ads.tiktok.com/business/en-US/inspiration/maryruth-reach-and-frequency-tiktok-shop https://www.nutraingredients.com/Article/2025/10/03/spate-x-maryruths-tiktok-fuels-rapid-growth-in-wellness-supplement-sales/
Health (Supplements/Wellness),Bloom Nutrition,FLAGSHIP,"@bloomsupps on TikTok / active TikTok Shop; ~12B TikTok views from 5,600+ influencer partnerships since 2021; greens powder is a category-defining TTS viral SKU; est. ~75% of marketing spend on creator/influencer program.","Austin, TX (US)",~65-100 employees; ~$170M+ revenue,DTC + retail (Target/GNC) + TTS (hybrid),5,"Influencer-founder brand that lives on creator volume (thousands of partnerships, majority of spend on influencer content).",Jillian Freeborn,"Head of Influencer Marketing, Bloom Nutrition",https://www.linkedin.com/in/jillian-freeborn-93b3011b0/,HIGH,"Loreni Yepremian, Influencer Marketing Manager (https://www.linkedin.com/in/loreni-yepremian/); Mari Llewellyn, Founder; Greg LaVecchia, Co-Founder/CEO","Large in-house influencer team in Austin (multiple IM roles - coordinator/manager/assistant continually hiring). Founder Mari Llewellyn is the creator face. Freeborn role and LinkedIn URL independently verified via search + ZoomInfo (Head of Influencer Marketing). Loreni Yepremian LinkedIn also verified. Content run in-house, no holding-co AOR - but sheer volume makes them an AI-content efficiency target.",https://www.linkedin.com/in/jillian-freeborn-93b3011b0/ https://www.netinfluencer.com/bloom-nutrition-mari-llewellyn-12-billion-views-on-tiktok/ https://www.inc.com/sydney-sladovnik/how-an-army-of-tiktokers-drove-12-billion-video-views-for-my-company.html https://www.zoominfo.com/p/Jillian-Freeborn/2748359493
Health (Supplements/Wellness),Lemme (by Kourtney Kardashian Barker),FLAGSHIP,"@lemme on TikTok Shop; affiliate model with 13,000+ commission-paid creators producing 53,000+ pieces of content; drove ~$13M in a single month (Nov 2025) via TTS; ~$200M brand.","Los Angeles, CA (US)",Mid-large (~$200M brand; VC/celebrity-backed),DTC + TTS + retail (Target) - hybrid,5,AI-assisted affiliate engine with tens of thousands of creators; explicitly content-volume dependent to feed the flywheel.,Sierra Simon,"VP of Brand & Marketing (LinkedIn) / Sr. Director, Brand & Integrated Marketing (org charts), Lemme",https://www.linkedin.com/in/sierrasimon/,MED,"Simon Huck, Co-Founder (brand/celebrity marketing lead, https://www.linkedin.com/in/simon-huck-579b6929); Nir Liberboim, CEO & Co-Founder",Co-founder Simon Huck drives celebrity/creator strategy; Sierra Simon owns brand & integrated marketing. Simon identity and LinkedIn URL verified via search (profile + LinkedIn posts on Lemme retail launches); kept MED because title varies VP vs Sr Director across LinkedIn/TheOrg. Lemme uses AI-managed affiliate program (reported HypeLive-style tooling) rather than a traditional holdco AOR - a direct Spira competitor-space signal.,https://www.linkedin.com/in/sierrasimon/ https://theorg.com/org/lemme/org-chart/sierra-simon https://www.forbes.com/sites/karineldor/2026/05/06/how-lemme-built-a-200m-wellness-brand-beyond-the-celebrity-playbook/ https://www.hypelive.io/en/blog/lemme-tiktok-shop-affiliate-ai-case-study-2026
Automotive & Motorcycles (Accessories/Aftermarket),Torque Detail,WINNABLE,Active TikTok Shop presence; ceramic spray/wax SKUs sold via TTS and heavily reviewed by detailer creators. Brand is 'digitally native' with 250k+ DIY detailers. TTS discover/shop listings for 'Torque Redline Shine' and ceramic coating.,"Orlando, FL",Mid-market DTC brand; acquired by Recochem (parent ~$1B rev) Dec 2022. Brand itself small (est. <100 employees).,DTC/hybrid (torquedetail.com + Amazon + TikTok Shop),5,Detailing-demo product that lives or dies on creator before/after content; burns through UGC weekly and is affiliate/creator-commerce dependent.,,"Head of Marketing / DTC Growth (role exists, individual unconfirmed)",,LOW,,Acquired by Recochem in Dec 2022; operates as a digitally-native brand under Recochem's aftermarket portfolio. Founder name circulated in secondary summaries ('Frank Mitchell') could NOT be verified in a primary source — do not treat as confirmed. Marketing/creator budget likely sits with an in-house DTC lead under Recochem; individual unconfirmed.,https://www.torquedetail.com/ https://picante.today/blog/2022/12/12/recochem-completes-acquisition-of-torque-detail/ https://www.crunchbase.com/acquisition/recochem-acquires-torque-detail--6a85fdb9 https://www.tiktok.com/discover/torque-redline-shine-ceramic-coating
Automotive & Motorcycles (Accessories/Aftermarket),Shine Armor,WINNABLE,"Official TTS account @shinearmorofficial; 3-in-1 Ceramic Coating 'As Seen On TV' listed on TikTok Shop (product PDP), active creator reviews. TTS 'shine-armor-where-to-buy' storefront pages.","US (founders based Charleston, SC); DTC-first, no verified single HQ","7–8 figure DTC brand (small team, est. <100)","DTC/hybrid (shinearmor.com + Amazon + TikTok Shop, mass/As-Seen-On-TV distribution)",5,"Impulse As-Seen-On-TV car-care SKU; conversion is entirely demo/UGC driven, ideal for high-velocity affiliate content.",,"Head of Marketing / Brand (role exists, individual unconfirmed)",,LOW,,"Co-founded 2018 by Brandon Monaghan (VisCap Media / Miracle Brand ecosystem) and Justin Kemperman; Monaghan's own profiles list the Shine Armor co-founder role as ending ~2021, so he is NOT a current KDM. Current in-house marketing lead unconfirmed — mark any named individual LOW until verified.",https://www.shinearmor.com/ https://www.tiktok.com/view/product/1729500034240975064 https://shop.tiktok.com/us/k/shine-armor-where-to-buy https://www.linkedin.com/company/shine-armor https://featured.com/p/brandon-monaghan
Automotive & Motorcycles (Accessories/Aftermarket),Nexgen (getnexgen),WINNABLE,Official accounts @getnexgen / @nexgen posting TTS promos ('Try Nexgen Ceramic Spray for 40% off'); ceramic spray listed as a TikTok Shop product (view/product PDP) with heavy detailer-creator review volume.,"Las Vegas, NV","Small DTC brand (est. <100 employees); 20+ yrs formula heritage, consumer sales since 2019",DTC/hybrid (getnexgen.com + Amazon + TikTok Shop),5,Single-hero-SKU ceramic spray competing purely on application/shine demos — needs continuous creator video to defend against Torque Detail/Shine Armor.,Michael Cantrell,Founder & CEO,https://www.linkedin.com/in/michaelcantrellofficial/,HIGH,,"Founder-led small brand — Cantrell (LinkedIn 'Founder, CEO Nexgen Global LLC', LA/Las Vegas) controls or directly oversees marketing/creator spend. LinkedIn URL independently confirmed via search results and matches SpeedTour/SVRA press (title 'Founder, CEO Nexgen Global LLC'). In a company this size the founder/CEO is the decision-maker for affiliate & creator budget.",https://www.linkedin.com/in/michaelcantrellofficial/ https://getnexgen.com/products/nexgen-ceramic-spray https://www.tiktok.com/@nexgen/video/7198568517640277291 https://svra.com/news/nexgen-named-the-official-car-care-company-of-speedtour/
Automotive & Motorcycles (Accessories/Aftermarket),Kemimoto,WINNABLE,Active US TikTok Shop PDP listings for UTV/ATV/motorcycle accessories; brand explicitly cites content-driven TikTok/YouTube communities driving customization demand. Official @kemimotous social.,"US operations (7 US distribution hubs); global HQ Guangzhou, China. US subsidiary Issyzone Tech.",500+ employees globally; SEMA member,Marketplace/hybrid (kemimoto.com DTC + Amazon + TikTok Shop + distributor network),4,Vehicle-specific powersports accessories rely on install/fitment demo content; huge SKU count = constant appetite for creator how-to videos.,,"Head of Marketing / Creator Partnerships (role exists, individual unconfirmed)",,LOW,"Tyler Threadgill, Business Development Manager (US), https://www.linkedin.com/in/tyler-threadgill-279ba8124/","500+ person org with in-house content strategy/creative teams (stated on About page). Tyler Threadgill is a verified US-based Business Development Manager at Kemimoto (LinkedIn + ZoomInfo independently confirmed; URL matches) — good warm entry point but he owns offline BD/distributor deals, not necessarily creator/affiliate budget. The actual social/creator lead is unconfirmed; treat any named marketing individual LOW until verified.",https://www.kemimoto.com/pages/about-kemimoto https://www.linkedin.com/in/tyler-threadgill-279ba8124/ https://www.zoominfo.com/p/Tyler-Threadgill/1957588533 https://www.openpr.com/news/4550907/kemimoto-expands-its-off-road-accessories-line-for-utv-atv
Automotive & Motorcycles (Accessories/Aftermarket),Nilight,WINNABLE,"Numerous live US TikTok Shop PDPs (LED pods, light bars, rock lights, driving lights) under shop.tiktok.com/us; 'nilight rock lights' TTS keyword storefront. Strong off-road creator install content.","Englewood, NJ (US HQ)",51–200 employees (LinkedIn),Marketplace/hybrid (Amazon-first since 2013 + nilight.com DTC + TikTok Shop),4,"Off-road LED lighting is intensely visual/demo-driven (night beam shots, truck/Jeep installs) — perfect for high-velocity creator affiliate content.",,"Marketing / eCommerce Lead (role exists, individual unconfirmed)",,LOW,,US-based team in Englewood NJ (51–200 on LinkedIn). Amazon-native brand expanding into TTS. No individual marketing/creator lead verifiable in public sources — leave named KDM blank until confirmed via LinkedIn.,https://www.nilight.com/pages/about-us https://www.linkedin.com/company/nilight-led-light https://shop.tiktok.com/us/k/nilight-rock-lights https://shop.tiktok.com/us/pdp/led-off-road-lights-nilight-18w-1260lm-spot-pods-for-trucks-atv-suv/1730034068928304124
Automotive & Motorcycles (Accessories/Aftermarket),ROVE Dash Cam,WINNABLE,"Multiple live US TikTok Shop PDPs (R2-4K PRO, R2-4K DUAL PRO) on shop.tiktok.com/us; 'dash-cam-rove-r2-4k' TTS keyword storefront. Popular unboxing/footage creator content.","Chicago, IL",Small DTC brand (started 2015 in home garage; est. <100 employees),DTC/hybrid (rovedashcam.com + Amazon flagship + TikTok Shop),3,Higher-ASP electronics accessory; benefits from creator footage/night-vision demos but longer consideration cycle than sub-$30 car-care impulse buys.,,"Marketing / eCommerce Lead (role exists, individual unconfirmed)",,LOW,,"US (Chicago) founder-run dash-cam brand, strong Amazon presence expanding to TTS. LinkedIn company page exists (rove-dashcam) but no individual marketing/creator lead is publicly verifiable — leave blank.",https://www.rovedashcam.com/pages/rove-about-us https://www.linkedin.com/company/rove-dashcam https://shop.tiktok.com/us/pdp/rove-r2-4k-pro-dash-cam-ultra-hd-2160p-gps-5g-wi-fi-with-24h-monitor/1729418500716925798
Automotive & Motorcycles (Accessories/Aftermarket),Chemical Guys,FLAGSHIP,Official @chemicalguys TTS account; runs TikTok Shop 'Super Brand Day' with TTS-exclusive bundles (documented on their own blog); large detailer-creator affiliate ecosystem and TTS storefront keyword pages.,"Gardena / Torrance, CA",~177–250 employees; ~$12–13M+ reported revenue (public estimators; likely understated),Hybrid (retail/wholesale + chemicalguys.com DTC + Amazon + TikTok Shop),4,"Category leader with a deep SKU catalog and huge detailer creator base — content-hungry but has scale/budget, so a 'defend the crown' velocity play.",,"VP/Head of Marketing or Social (role exists, individual unconfirmed)",,LOW,,"Founder/leadership per aggregators: Paul Schneider (Co-Founder/CEO/Director) and David Knotek (Co-Founder); one source lists 'Fernando Merce' as CEO — leadership currency conflicting, so do not treat as confirmed. The social/creator budget owner is a marketing exec below founder level; not identified in public sources. Runs formal TTS 'Super Brand Day' events, implying a dedicated TTS/social team.",https://www.chemicalguys.com/blogs/chemical-guys-news/better-than-black-friday-check-out-chemical-guys-super-brand-day-on-tiktok-shop-for-early-holiday-deals https://www.tiktok.com/@chemicalguys https://www.cbinsights.com/company/chemical-guys/people https://pitchbook.com/profiles/company/135601-93
Automotive & Motorcycles (Accessories/Aftermarket),Adam's Polishes,FLAGSHIP,"Official @adamspolishes TTS account posting detailing tips; multiple TTS storefront keyword pages (interior detailer, graphene detail spray, detailing kit) on shop.tiktok.com/us.","Thornton (Denver metro), CO",Mid-market detailing brand (est. 100–250 employees),DTC/hybrid (adamspolishes.com + Amazon + specialty retail + TikTok Shop),4,Enthusiast detailing catalog with strong creator/community following; content-dependent but established brand with existing affiliate motion.,,"Head of Marketing / Brand (role exists, individual unconfirmed)",,LOW,"Adam Pitale — Founder (self-describes as 'Chief Detailer & Founder... not the CEO, not the marketing director'), so NOT the marketing KDM","Founder Adam Pitale explicitly states he is not the CEO or marketing director, indicating a separate professional exec team owns marketing. TheOrg lists a small exec set but the current CMO/Head of Marketing / creator-budget owner is not publicly verifiable — leave named KDM blank and confirm via LinkedIn before outreach.",https://adamspolishes.com/pages/about-adams https://theorg.com/org/adams-polishes/org-chart/adam-pitale https://shop.tiktok.com/us/k/adams-polishes-graphene-detail-spray https://www.tiktok.com/@adamspolishes/video/7234651538394811690
Fashion Accessories,Pavoi,WINNABLE,"Active TikTok Shop storefront (shop.tiktok.com/us/k/pavoi-jewelry) with 1.2M+ items sold and 359K+ followers; called the '#1 jewelry brand on TikTok Shop' by the 9operators community. Viral tennis bracelet/necklace SKUs, affordable ($15-$56) affiliate-driven catalog. Brand TikTok @pavoi.","Rockville, MD (also cited Miami)","Small; bootstrapped, reported ~$5M+ rev (2019 Forbes) now materially larger as a top-GMV TTS jewelry seller; sub-50 employees","DTC + marketplace hybrid (Amazon-native, now TikTok Shop + own site pavoi.com); affordable demi-fine jewelry",5,Pure affiliate/creator-velocity model on low-AOV jewelry — needs constant fresh UGC to keep viral SKUs cycling.,Tal Masica,Co-Founder & CEO,https://www.linkedin.com/in/talmasica/,HIGH,"Zeke Araki, Co-Founder (LinkedIn https://www.linkedin.com/in/zeke-araki-82bb1725/ currently lists 'Thesis' — may have departed Pavoi; verify)","Founder-led marketing; no dedicated CMO/Head of Social publicly confirmed. Two childhood-friend founders (sons of jewelry-store owners). Tal Masica confirmed as Founder & CEO via Forbes and LinkedIn (profile linkedin.com/in/talmasica/ verified, name+role match) — URL verified. Individual social/affiliate budget owner unconfirmed — likely a strong greenfield partnership target.",https://shop.tiktok.com/us/k/pavoi-jewelry https://www.pavoi.com/pages/about https://x.com/9operators/status/2055305591761895455 https://www.forbes.com/sites/elainepofeldt/2019/04/28/these-childhood-buddies-created-a-5-million-two-man-online-jewelry-business/ https://www.linkedin.com/in/talmasica/
Fashion Accessories,JAXXON,FLAGSHIP,"Brand TikTok @jaxxonjewelry (self-labeled '#1 men's jewelry brand'), active TikTok Shop product listings (tiktok.com/shop/product/jaxxon-jewelry-men) and heavy affiliate/creator review ecosystem (e.g., @findjeremiah collabs). Runs an affiliate program off jaxxon.com.","Los Angeles / El Segundo, CA","Mid-market; INC 5000 honoree, estimated $50M+ revenue, ~50-200 employees","DTC (jaxxon.com) + TikTok Shop; men's chains, bracelets, rings, pendants",5,Content-machine brand built on creator reviews/affiliate volume — burns through UGC weekly to sustain male-jewelry demand.,Bear Degidio,Partner / CMO & Head of Brand Marketing,https://www.linkedin.com/in/bear-degidio/,HIGH,"Josh Deemer, Founder/CEO (https://www.linkedin.com/in/josh-deemer-b0447771)",Bear Degidio holds partner+CMO role owning brand/creator marketing (LinkedIn verified via search — profile linkedin.com/in/bear-degidio/ confirms Partner/CMO JAXXON). Josh Deemer confirmed Founder/CEO (URL verified). Prior VP Marketing Peter Bacon has since departed. In-house marketing team; no stated agency-of-record — strong direct-to-CMO play.,https://jaxxon.com/ https://www.tiktok.com/@jaxxonjewelry https://www.linkedin.com/in/bear-degidio/ https://www.linkedin.com/in/josh-deemer-b0447771
Fashion Accessories,Emi Jay,WINNABLE,"Active TikTok Shop presence (shop.tiktok.com/us/k/emi-jay-clips), cult TikTok following (6M+ views on signature claw clips), brand handle @emijayinc. Celebrity + creator-driven virality; WWD/Forbes coverage of TikTok-fueled growth.","Los Angeles, CA","Small-mid; DTC + Sephora rollout (2025), estimated sub-100 employees",DTC (emijay.com) + retail (Sephora) + TikTok Shop; hair accessories expanding into hair care,4,Seasonal color/limited-drop model thrives on creator styling content and haul videos — high content refresh cadence.,Claudia Allwood,Chief Marketing Officer (fractional),,MED,"Julianne Goldmark, Founder/Chief Brand Officer (https://www.linkedin.com/in/julianne-goldmark-5a5963228/)","Claudia Allwood confirmed as Emi Jay fractional CMO in Revenue Brew reporting (name verified; role exists), but no LinkedIn profile independently located — URL unverified, kept MED. Founder Julianne Goldmark (Founder + Chief Brand Officer) drives creative direction; LinkedIn verified (linkedin.com/in/julianne-goldmark-5a5963228/ matches name+role). Lean in-house team; hair-care launch expanded marketing needs. No agency-of-record stated.",https://www.emijay.com/collections/claw-clips https://shop.tiktok.com/us/k/emi-jay-clips https://www.revenuebrew.com/stories/2025/07/21/emi-jay-hair-care-launch https://www.linkedin.com/in/julianne-goldmark-5a5963228/
Fashion Accessories,Kitsch,FLAGSHIP,TikTok Shop across US/UK/MX with dedicated Director of Social Commerce leading TTS; runs TikTok Live shopping events. Multimillion-dollar hair-accessories brand (mykitsch.com); Meta/TikTok social-commerce case coverage.,"Los Angeles, CA","Mid-market; multimillion-dollar revenue, Target/Ulta retail distribution, ~100+ employees","Hybrid: DTC + mass retail (Target, Ulta) + TikTok Shop; hair accessories + hair care",4,Built an explicit 'social-commerce engine' on TTS — high-velocity creator + live-shopping content is core to strategy.,Yingying Kuang,VP Growth & E-Commerce / CMO (owns TikTok Shop / social commerce),https://www.linkedin.com/in/yingyingkuang/,HIGH,"Cassandra Morales Thurswell, Founder/CEO","Yingying Kuang verified across LinkedIn/TheOrg as senior leader (VP of Growth & E-Commerce, elevated toward CMO) owning Kitsch's TikTok Shop and social-commerce. LinkedIn profile linkedin.com/in/yingyingkuang/ resolves to her Kitsch profile (name+employer match); a parallel profile linkedin.com/in/yingying-kuang-99671724/ also carries the VP Growth & E-Commerce title. Ex-Blueland/Function of Beauty. Clear budget owner for creator/affiliate spend.",https://www.mykitsch.com/ https://www.linkedin.com/in/yingyingkuang/ https://theorg.com/org/kitsch/org-chart/yingying-kuang https://fortune.com/2024/07/01/kitsch-viral-mutigenerational-haircare-brand-founder-ceo-cassandra-thurswell/
Fashion Accessories,Awe Inspired,WINNABLE,Active TikTok Shop storefront (shop.tiktok.com/us/k/awe-inspired-jewelry) with strong creator review volume; Modern Retail case on leveraging celebrity + creator fan base into DTC jewelry growth. Charm/goddess pendant SKUs are content-native.,"Los Angeles, CA","Mid-market DTC jewelry; estimated ~$20-40M revenue band, sub-100 employees",DTC (aweinspired.com) + TikTok Shop; meaningful/charitable fine-ish jewelry,4,Story-driven charm jewelry sells on personal-narrative creator content — needs steady influencer/affiliate storytelling.,Max Johnson,Co-Founder & CEO,https://www.linkedin.com/in/maxbjohnson/,HIGH,"Jill Johnson, Co-Founder (https://www.linkedin.com/in/jill-johnson-6a7913140/)",Founder-led; Max Johnson (built the viral 'Goddess Quiz') owns brand/growth direction — LinkedIn verified (linkedin.com/in/maxbjohnson/ confirms Co-Founder & CEO Awe Inspired). Was hiring a Brand Marketing Manager (LA) — signals in-house marketing build-out and no locked-in agency-of-record. Good mid-market creator-platform target.,https://shop.tiktok.com/us/k/awe-inspired-jewelry https://www.linkedin.com/in/maxbjohnson/ https://www.modernretail.co/marketing/how-awe-inspired-leveraged-its-celebrity-fan-base-to-become-a-dtc-jewelry-powerhouse/ https://www.linkedin.com/in/jill-johnson-6a7913140/
Fashion Accessories,JW PEI,WINNABLE,Available on TikTok Shop (shop.tiktok.com/us/k/jw-pei-bag-review); #BagTok viral Gabbi and Hana bags; Modash breakdown documents heavy TikTok/Instagram influencer + affiliate strategy skewed to micro-creators.,"Los Angeles, CA","Mid-market vegan-leather bag brand; founded 2018, sub-100 employees",DTC (jwpei.com) + TikTok Shop + wholesale; affordable ($100-ish) vegan-leather handbags,4,Trend-cycle handbag brand dependent on viral 'looks-expensive' creator content and gifting/affiliate seeding.,Yang Pei,Co-Founder & CEO,,MED,"Stephanie Li, Co-Founder","Husband-and-wife founders Yang Pei (ex-SHEIN) & Stephanie Li confirmed as JW PEI co-founders via BoF/Tracxn (names verified). Yang Pei confirmed CEO but no LinkedIn profile independently located — URL unverified, kept MED. Influencer inquiries route through PR. No dedicated Head of Creator publicly named — likely a role/partner gap to fill.",https://www.jwpei.com/ https://shop.tiktok.com/us/k/jw-pei-bag-review https://www.modash.io/breakdowns/jw-pei-influencer-marketing-strategy https://www.businessoffashion.com/articles/entrepreneurship/inside-jw-peis-2024-strategy/
Fashion Accessories,Lion Latch,WINNABLE,"One of the first TikTok Shops (Mar 2023) — 20,000 orders in first ~3 months; brand handle @lionlatch actively posts shoppable video for its patented travel jewelry case. Shark Tank + INC 5000 pedigree, TTS-native single-hero-product engine.",Texas (US),"Very small; INC 5000 honoree, founder-run, likely <20 employees",DTC (lionlatch.com) + TikTok Shop + QVC; patented travel jewelry/ring storage accessory,5,Single hero SKU that lives or dies on constant demo/UGC volume — quintessential high-content-velocity TTS-native target.,Lerin Lockwood,Founder & CEO,https://www.linkedin.com/in/lerin-lockwood-43aa87a5/,HIGH,,"Owner-operator; Lerin Lockwood personally runs TikTok content ('TikTok Queen' per Quiet Light podcast) and is the sole decision-maker on creator/content spend — LinkedIn verified (linkedin.com/in/lerin-lockwood-43aa87a5/ confirms Creator & CEO of Lion Latch, Shark Tank S13). No agency-of-record; extremely fast, founder-direct sales cycle.",https://www.tiktok.com/@lionlatch https://lionlatch.com/pages/our-story https://www.linkedin.com/in/lerin-lockwood-43aa87a5/ https://www.sharktankblog.com/business/lion-latch/
